"District","week","TForce"
"Abu Ghraib",2293,4.813832596
"Abu Ghraib",2294,4.813832596
"Abu Ghraib",2295,4.813832596
"Abu Ghraib",2296,4.813832596
"Abu Ghraib",2297,2.406916298
"Abu Ghraib",2298,2.406916298
"Abu Ghraib",2299,2.406916298
"Abu Ghraib",2300,2.406916298
"Abu Ghraib",2301,2.406916298
"Abu Ghraib",2302,2.406916298
"Abu Ghraib",2303,2.406916298
"Abu Ghraib",2304,2.406916298
"Abu Ghraib",2305,2.406916298
"Abu Ghraib",2306,2.406916298
"Abu Ghraib",2307,2.406916298
"Abu Ghraib",2308,2.406916298
"Abu Ghraib",2309,2.406916298
"Abu Ghraib",2310,5.20435875
"Abu Ghraib",2311,5.20435875
"Abu Ghraib",2312,5.20435875
"Abu Ghraib",2313,5.20435875
"Abu Ghraib",2314,5.20435875
"Abu Ghraib",2315,5.20435875
"Abu Ghraib",2316,5.20435875
"Abu Ghraib",2317,5.20435875
"Abu Ghraib",2318,5.20435875
"Abu Ghraib",2319,4.799221073
"Abu Ghraib",2320,4.799221073
"Abu Ghraib",2321,4.799221073
"Abu Ghraib",2322,4.799221073
"Abu Ghraib",2323,3.99691564
"Abu Ghraib",2324,3.99691564
"Abu Ghraib",2325,3.99691564
"Abu Ghraib",2326,3.99691564
"Abu Ghraib",2327,3.99691564
"Abu Ghraib",2328,3.99691564
"Abu Ghraib",2329,3.99691564
"Abu Ghraib",2330,3.99691564
"Abu Ghraib",2331,3.99691564
"Abu Ghraib",2340,5.751316586
"Abu Ghraib",2341,5.751316586
"Abu Ghraib",2342,5.751316586
"Abu Ghraib",2343,5.751316586
"Abu Ghraib",2344,5.751316586
"Abu Ghraib",2345,8.03621995
"Abu Ghraib",2346,8.03621995
"Abu Ghraib",2347,8.03621995
"Abu Ghraib",2348,8.03621995
"Abu Ghraib",2349,7.056510673
"Abu Ghraib",2350,7.056510673
"Abu Ghraib",2351,7.056510673
"Abu Ghraib",2352,7.056510673
"Abu Ghraib",2353,7.056510673
"Abu Ghraib",2354,7.056510673
"Abu Ghraib",2355,7.056510673
"Abu Ghraib",2356,7.056510673
"Abu Ghraib",2357,7.056510673
"Abu Ghraib",2358,7.056510673
"Abu Ghraib",2359,7.056510673
"Abu Ghraib",2360,7.056510673
"Abu Ghraib",2361,7.056510673
"Abu Ghraib",2362,3.2483384
"Abu Ghraib",2363,3.2483384
"Abu Ghraib",2364,3.2483384
"Abu Ghraib",2365,3.2483384
"Abu Ghraib",2366,3.2483384
"Abu Ghraib",2367,3.2483384
"Abu Ghraib",2368,3.2483384
"Abu Ghraib",2369,3.2483384
"Abu Ghraib",2370,3.2483384
"Abu Ghraib",2371,3.2483384
"Abu Ghraib",2372,3.2483384
"Abu Ghraib",2373,3.2483384
"Abu Ghraib",2374,3.2483384
"Abu Ghraib",2375,3.2483384
"Abu Ghraib",2376,3.2483384
"Abu Ghraib",2377,3.2483384
"Abu Ghraib",2378,3.2483384
"Abu Ghraib",2379,3.2483384
"Abu Ghraib",2380,3.2483384
"Abu Ghraib",2381,3.2483384
"Abu Ghraib",2382,3.2483384
"Abu Ghraib",2383,3.2483384
"Abu Ghraib",2384,3.2483384
"Abu Ghraib",2385,3.2483384
"Abu Ghraib",2386,3.2483384
"Abu Ghraib",2387,3.2483384
"Abu Ghraib",2388,3.2483384
"Abu Ghraib",2389,3.2483384
"Abu Ghraib",2390,3.2483384
"Abu Ghraib",2391,3.2483384
"Abu Ghraib",2392,9.055613139
"Abu Ghraib",2393,9.055613139
"Abu Ghraib",2394,9.055613139
"Abu Ghraib",2395,9.055613139
"Abu Ghraib",2396,9.055613139
"Abu Ghraib",2397,9.055613139
"Abu Ghraib",2398,9.055613139
"Abu Ghraib",2399,9.055613139
"Abu Ghraib",2400,9.055613139
"Abu Ghraib",2401,6.64498999
"Abu Ghraib",2402,6.64498999
"Abu Ghraib",2403,6.64498999
"Abu Ghraib",2404,6.64498999
"Abu Ghraib",2405,6.64498999
"Abu Ghraib",2406,6.64498999
"Abu Ghraib",2407,6.64498999
"Abu Ghraib",2408,6.64498999
"Abu Ghraib",2409,6.64498999
"Abu Ghraib",2410,4.429993327
"Abu Ghraib",2411,4.429993327
"Abu Ghraib",2412,4.429993327
"Abu Ghraib",2413,4.429993327
"Abu Ghraib",2414,4.429993327
"Abu Ghraib",2415,4.429993327
"Abu Ghraib",2416,4.429993327
"Abu Ghraib",2417,4.429993327
"Abu Ghraib",2418,1.905780605
"Abu Ghraib",2419,1.905780605
"Abu Ghraib",2420,1.905780605
"Abu Ghraib",2421,1.905780605
"Abu Ghraib",2422,1.905780605
"Abu Ghraib",2423,1.905780605
"Abu Ghraib",2424,1.905780605
"Abu Ghraib",2425,1.905780605
"Abu Ghraib",2426,1.905780605
"Abu Ghraib",2427,1.905780605
"Abu Ghraib",2428,1.905780605
"Abu Ghraib",2429,1.905780605
"Abu Ghraib",2430,1.905780605
"Abu Ghraib",2431,1.905780605
"Abu Ghraib",2432,1.905780605
"Abu Ghraib",2433,1.905780605
"Abu Ghraib",2434,1.905780605
"Abu Ghraib",2435,1.905780605
"Abu Ghraib",2436,1.905780605
"Abu Ghraib",2437,1.905780605
"Abu Ghraib",2438,1.905780605
"Abu Ghraib",2439,1.905780605
"Abu Ghraib",2440,1.905780605
"Abu Ghraib",2441,1.905780605
"Abu Ghraib",2442,1.905780605
"Abu Ghraib",2443,1.905780605
"Abu Ghraib",2444,1.849204138
"Abu Ghraib",2445,1.849204138
"Abu Ghraib",2446,1.849204138
"Abu Ghraib",2447,1.849204138
"Abu Ghraib",2448,1.849204138
"Abu Ghraib",2449,1.849204138
"Abu Ghraib",2450,1.849204138
"Abu Ghraib",2451,1.849204138
"Abu Ghraib",2452,1.849204138
"Abu Ghraib",2453,1.849204138
"Abu Ghraib",2454,1.849204138
"Abu Ghraib",2455,1.849204138
"Abu Ghraib",2456,1.849204138
"Abu Ghraib",2457,1.849204138
"Abu Ghraib",2458,1.849204138
"Abu Ghraib",2459,1.849204138
"Abu Ghraib",2460,1.849204138
"Abu Ghraib",2461,1.849204138
"Abu Ghraib",2462,1.849204138
"Abu Ghraib",2463,1.849204138
"Abu Ghraib",2464,1.849204138
"Abu Ghraib",2465,1.849204138
"Abu Ghraib",2466,1.849204138
"Abu Ghraib",2467,1.849204138
"Abu Ghraib",2468,1.849204138
"Abu Ghraib",2469,1.849204138
"Abu Ghraib",2470,1.849204138
"Abu Ghraib",2471,1.849204138
"Abu Ghraib",2472,1.849204138
"Abu Ghraib",2473,1.849204138
"Abu Ghraib",2474,1.849204138
"Abu Ghraib",2475,1.849204138
"Abu Ghraib",2476,1.849204138
"Abu Ghraib",2477,1.849204138
"Abu Ghraib",2478,1.849204138
"Abu Ghraib",2479,1.849204138
"Abu Ghraib",2480,1.849204138
"Abu Ghraib",2481,1.849204138
"Abu Ghraib",2482,1.849204138
"Abu Ghraib",2483,1.849204138
"Abu Ghraib",2484,1.849204138
"Abu Ghraib",2485,1.849204138
"Abu Ghraib",2486,1.849204138
"Abu Ghraib",2487,1.849204138
"Abu Ghraib",2488,1.849204138
"Abu Ghraib",2489,1.849204138
"Abu Ghraib",2490,1.849204138
"Abu Ghraib",2491,1.849204138
"Abu Ghraib",2492,1.849204138
"Abu Ghraib",2493,1.849204138
"Abu Ghraib",2494,1.849204138
"Abu Ghraib",2495,1.849204138
"Abu Ghraib",2496,1.795889969
"Abu Ghraib",2497,1.795889969
"Abu Ghraib",2498,1.795889969
"Abu Ghraib",2499,1.795889969
"Abu Ghraib",2500,1.795889969
"Abu Ghraib",2501,2.099169401
"Abu Ghraib",2502,2.099169401
"Abu Ghraib",2503,2.099169401
"Abu Ghraib",2504,2.099169401
"Abu Ghraib",2505,2.099169401
"Abu Ghraib",2506,2.099169401
"Abu Ghraib",2507,2.099169401
"Abu Ghraib",2508,2.099169401
"Abu Ghraib",2509,2.099169401
"Abu Ghraib",2510,2.099169401
"Abu Ghraib",2511,2.099169401
"Abu Ghraib",2512,2.099169401
"Abu Ghraib",2513,2.099169401
"Abu Ghraib",2514,2.099169401
"Abu Ghraib",2515,2.099169401
"Abu Ghraib",2516,2.099169401
"Abu Ghraib",2517,2.099169401
"Abu Ghraib",2518,2.099169401
"Abu Ghraib",2519,2.099169401
"Abu Ghraib",2520,2.099169401
"Abu Ghraib",2521,2.099169401
"Abu Ghraib",2522,2.099169401
"Abu Ghraib",2523,2.099169401
"Abu Ghraib",2524,2.099169401
"Abu Ghraib",2525,2.099169401
"Abu Ghraib",2526,2.099169401
"Abu Ghraib",2527,2.099169401
"Abu Ghraib",2528,2.099169401
"Abu Ghraib",2529,2.099169401
"Abu Ghraib",2530,2.099169401
"Abu Ghraib",2531,2.099169401
"Abu Ghraib",2532,2.099169401
"Abu Ghraib",2533,2.099169401
"Abu Ghraib",2534,2.099169401
"Abu Ghraib",2535,2.099169401
"Abu Ghraib",2536,2.099169401
"Abu Ghraib",2537,2.099169401
"Abu Ghraib",2538,2.099169401
"Abu Ghraib",2539,2.099169401
"Adhamiya",2297,0.859795205
"Adhamiya",2298,0.859795205
"Adhamiya",2299,0.859795205
"Adhamiya",2300,0.859795205
"Adhamiya",2301,1.599562019
"Adhamiya",2302,1.599562019
"Adhamiya",2303,1.599562019
"Adhamiya",2304,1.599562019
"Adhamiya",2305,1.599562019
"Adhamiya",2306,1.599562019
"Adhamiya",2307,1.599562019
"Adhamiya",2308,1.599562019
"Adhamiya",2309,1.599562019
"Adhamiya",2310,1.599562019
"Adhamiya",2311,1.599562019
"Adhamiya",2312,1.599562019
"Adhamiya",2313,1.599562019
"Adhamiya",2314,1.599562019
"Adhamiya",2315,1.599562019
"Adhamiya",2316,1.599562019
"Adhamiya",2317,1.599562019
"Adhamiya",2318,1.599562019
"Adhamiya",2319,1.599562019
"Adhamiya",2320,1.599562019
"Adhamiya",2321,1.599562019
"Adhamiya",2322,1.599562019
"Adhamiya",2323,1.599562019
"Adhamiya",2324,1.599562019
"Adhamiya",2325,1.599562019
"Adhamiya",2326,1.599562019
"Adhamiya",2327,1.599562019
"Adhamiya",2328,1.599562019
"Adhamiya",2329,1.599562019
"Adhamiya",2330,1.599562019
"Adhamiya",2331,1.599562019
"Adhamiya",2332,1.599562019
"Adhamiya",2333,1.599562019
"Adhamiya",2334,1.599562019
"Adhamiya",2335,1.599562019
"Adhamiya",2336,1.599562019
"Adhamiya",2337,1.599562019
"Adhamiya",2338,1.599562019
"Adhamiya",2339,1.599562019
"Adhamiya",2340,1.628189369
"Adhamiya",2341,1.628189369
"Adhamiya",2342,1.628189369
"Adhamiya",2343,1.628189369
"Adhamiya",2344,1.628189369
"Adhamiya",2345,0.875182953
"Adhamiya",2346,0.875182953
"Adhamiya",2347,0.875182953
"Adhamiya",2348,0.875182953
"Adhamiya",2392,0.719194194
"Adhamiya",2393,0.719194194
"Adhamiya",2394,0.719194194
"Adhamiya",2395,0.719194194
"Adhamiya",2396,0.719194194
"Adhamiya",2397,0.719194194
"Adhamiya",2398,0.719194194
"Adhamiya",2399,0.719194194
"Adhamiya",2400,0.719194194
"Adhamiya",2401,0.719194194
"Adhamiya",2402,0.719194194
"Adhamiya",2403,0.719194194
"Adhamiya",2404,0.719194194
"Adhamiya",2405,0.719194194
"Adhamiya",2406,0.719194194
"Adhamiya",2407,0.719194194
"Adhamiya",2408,0.719194194
"Adhamiya",2409,0.719194194
"Adhamiya",2410,0.719194194
"Adhamiya",2411,0.719194194
"Adhamiya",2412,0.719194194
"Adhamiya",2413,0.719194194
"Adhamiya",2414,0.719194194
"Adhamiya",2415,0.719194194
"Adhamiya",2416,0.719194194
"Adhamiya",2417,0.719194194
"Adhamiya",2418,0.572436416
"Adhamiya",2419,0.572436416
"Adhamiya",2420,0.572436416
"Adhamiya",2421,0.572436416
"Adhamiya",2422,0.572436416
"Adhamiya",2423,1.307036123
"Adhamiya",2424,1.307036123
"Adhamiya",2425,1.307036123
"Adhamiya",2426,1.307036123
"Adhamiya",2427,1.307036123
"Adhamiya",2428,1.307036123
"Adhamiya",2429,1.307036123
"Adhamiya",2430,1.307036123
"Adhamiya",2431,2.451908956
"Adhamiya",2432,2.451908956
"Adhamiya",2433,2.451908956
"Adhamiya",2434,2.451908956
"Adhamiya",2435,2.451908956
"Adhamiya",2436,1.593254331
"Adhamiya",2437,1.593254331
"Adhamiya",2438,1.593254331
"Adhamiya",2439,1.593254331
"Adhamiya",2440,1.593254331
"Adhamiya",2441,1.593254331
"Adhamiya",2442,1.593254331
"Adhamiya",2443,1.593254331
"Adhamiya",2444,1.555237649
"Adhamiya",2445,1.555237649
"Adhamiya",2446,1.555237649
"Adhamiya",2447,1.555237649
"Adhamiya",2448,1.555237649
"Adhamiya",2449,2.513311528
"Adhamiya",2450,2.513311528
"Adhamiya",2451,2.513311528
"Adhamiya",2452,2.513311528
"Adhamiya",2453,1.675145284
"Adhamiya",2454,1.675145284
"Adhamiya",2455,1.675145284
"Adhamiya",2456,1.675145284
"Adhamiya",2457,1.550488831
"Adhamiya",2458,1.550488831
"Adhamiya",2459,1.550488831
"Adhamiya",2460,1.550488831
"Adhamiya",2461,1.550488831
"Adhamiya",2462,1.133780118
"Adhamiya",2463,1.133780118
"Adhamiya",2464,1.133780118
"Adhamiya",2465,1.133780118
"Adhamiya",2466,2.064548298
"Adhamiya",2467,2.064548298
"Adhamiya",2468,2.064548298
"Adhamiya",2469,2.064548298
"Adhamiya",2470,2.064548298
"Adhamiya",2471,2.064548298
"Adhamiya",2472,2.064548298
"Adhamiya",2473,2.064548298
"Adhamiya",2474,2.064548298
"Adhamiya",2475,2.064548298
"Adhamiya",2476,2.064548298
"Adhamiya",2477,2.064548298
"Adhamiya",2478,2.064548298
"Adhamiya",2479,1.641903563
"Adhamiya",2480,1.641903563
"Adhamiya",2481,1.641903563
"Adhamiya",2482,1.641903563
"Adhamiya",2483,2.481257012
"Adhamiya",2484,2.481257012
"Adhamiya",2485,2.481257012
"Adhamiya",2486,2.481257012
"Adhamiya",2487,2.481257012
"Adhamiya",2488,2.185643138
"Adhamiya",2489,2.185643138
"Adhamiya",2490,2.185643138
"Adhamiya",2491,2.185643138
"Adhamiya",2492,2.185643138
"Adhamiya",2493,2.185643138
"Adhamiya",2494,2.185643138
"Adhamiya",2495,2.185643138
"Adhamiya",2496,2.541704183
"Adhamiya",2497,2.541704183
"Adhamiya",2498,2.541704183
"Adhamiya",2499,2.541704183
"Adhamiya",2500,2.541704183
"Adhamiya",2501,2.541704183
"Adhamiya",2502,2.541704183
"Adhamiya",2503,2.541704183
"Adhamiya",2504,2.541704183
"Adhamiya",2505,2.12890916
"Adhamiya",2506,2.12890916
"Adhamiya",2507,2.12890916
"Adhamiya",2508,2.12890916
"Adhamiya",2509,2.015274575
"Adhamiya",2510,2.015274575
"Adhamiya",2511,2.015274575
"Adhamiya",2512,2.015274575
"Adhamiya",2513,2.015274575
"Adhamiya",2514,0.846461703
"Adhamiya",2515,0.846461703
"Adhamiya",2516,0.846461703
"Adhamiya",2517,0.846461703
"Adhamiya",2518,0.846461703
"Adhamiya",2519,0.846461703
"Adhamiya",2520,0.846461703
"Adhamiya",2521,0.846461703
"Adhamiya",2522,2.015274575
"Adhamiya",2523,2.015274575
"Adhamiya",2524,2.015274575
"Adhamiya",2525,2.015274575
"Adhamiya",2526,2.015274575
"Adhamiya",2527,1.518992919
"Adhamiya",2528,1.518992919
"Adhamiya",2529,1.518992919
"Adhamiya",2530,1.518992919
"Adhamiya",2531,0.700360094
"Adhamiya",2532,0.700360094
"Adhamiya",2533,0.700360094
"Adhamiya",2534,0.700360094
"Adhamiya",2535,0.700360094
"Adhamiya",2536,0.700360094
"Adhamiya",2537,0.700360094
"Adhamiya",2538,0.700360094
"Adhamiya",2539,0.700360094
"Al Resafa",2293,0.699874934
"Al Resafa",2294,0.699874934
"Al Resafa",2295,0.699874934
"Al Resafa",2296,0.699874934
"Al Resafa",2297,1.242162135
"Al Resafa",2298,1.242162135
"Al Resafa",2299,1.242162135
"Al Resafa",2300,1.242162135
"Al Resafa",2301,1.204310179
"Al Resafa",2302,1.204310179
"Al Resafa",2303,1.204310179
"Al Resafa",2304,1.204310179
"Al Resafa",2305,1.204310179
"Al Resafa",2306,0.73772689
"Al Resafa",2307,0.73772689
"Al Resafa",2308,0.73772689
"Al Resafa",2309,0.73772689
"Al Resafa",2310,0.73772689
"Al Resafa",2311,0.73772689
"Al Resafa",2312,0.73772689
"Al Resafa",2313,0.73772689
"Al Resafa",2314,0.73772689
"Al Resafa",2315,0.73772689
"Al Resafa",2316,0.73772689
"Al Resafa",2317,0.73772689
"Al Resafa",2318,0.73772689
"Al Resafa",2319,1.00887049
"Al Resafa",2320,1.00887049
"Al Resafa",2321,1.00887049
"Al Resafa",2322,1.00887049
"Al Resafa",2323,0.73772689
"Al Resafa",2324,0.73772689
"Al Resafa",2325,0.73772689
"Al Resafa",2326,0.73772689
"Al Resafa",2327,0.73772689
"Al Resafa",2328,0.504435245
"Al Resafa",2329,0.504435245
"Al Resafa",2330,0.504435245
"Al Resafa",2331,0.504435245
"Al Resafa",2332,0.775578845
"Al Resafa",2333,0.775578845
"Al Resafa",2334,0.775578845
"Al Resafa",2335,0.775578845
"Al Resafa",2336,0.775578845
"Al Resafa",2337,0.775578845
"Al Resafa",2338,0.775578845
"Al Resafa",2339,0.775578845
"Al Resafa",2340,0.763329491
"Al Resafa",2341,0.763329491
"Al Resafa",2342,0.763329491
"Al Resafa",2343,0.763329491
"Al Resafa",2344,0.763329491
"Al Resafa",2345,1.105428991
"Al Resafa",2346,1.105428991
"Al Resafa",2347,1.105428991
"Al Resafa",2348,1.105428991
"Al Resafa",2349,0.824875429
"Al Resafa",2350,0.824875429
"Al Resafa",2351,0.824875429
"Al Resafa",2352,0.824875429
"Al Resafa",2353,0.241387965
"Al Resafa",2354,0.241387965
"Al Resafa",2355,0.241387965
"Al Resafa",2356,0.241387965
"Al Resafa",2357,0.241387965
"Al Resafa",2362,0.241387965
"Al Resafa",2363,0.241387965
"Al Resafa",2364,0.241387965
"Al Resafa",2365,0.241387965
"Al Resafa",2366,0.241387965
"Al Resafa",2367,0.241387965
"Al Resafa",2368,0.241387965
"Al Resafa",2369,0.241387965
"Al Resafa",2370,0.241387965
"Al Resafa",2371,0.241387965
"Al Resafa",2372,0.241387965
"Al Resafa",2373,0.241387965
"Al Resafa",2374,0.241387965
"Al Resafa",2375,0.241387965
"Al Resafa",2376,0.241387965
"Al Resafa",2377,0.241387965
"Al Resafa",2378,0.241387965
"Al Resafa",2379,0.241387965
"Al Resafa",2380,0.241387965
"Al Resafa",2381,0.241387965
"Al Resafa",2382,0.241387965
"Al Resafa",2383,0.241387965
"Al Resafa",2384,0.241387965
"Al Resafa",2385,0.241387965
"Al Resafa",2386,0.241387965
"Al Resafa",2387,0.241387965
"Al Resafa",2388,0.241387965
"Al Resafa",2389,0.241387965
"Al Resafa",2390,0.241387965
"Al Resafa",2391,0.241387965
"Al Resafa",2392,0.092594182
"Al Resafa",2393,0.092594182
"Al Resafa",2394,0.092594182
"Al Resafa",2395,0.092594182
"Al Resafa",2396,0.092594182
"Al Resafa",2397,0.092594182
"Al Resafa",2398,0.092594182
"Al Resafa",2399,0.092594182
"Al Resafa",2400,0.092594182
"Al Resafa",2401,0.092594182
"Al Resafa",2402,0.092594182
"Al Resafa",2403,0.092594182
"Al Resafa",2404,0.092594182
"Al Resafa",2405,0.092594182
"Al Resafa",2406,0.092594182
"Al Resafa",2407,0.092594182
"Al Resafa",2408,0.092594182
"Al Resafa",2409,0.092594182
"Al Resafa",2410,0.092594182
"Al Resafa",2411,0.092594182
"Al Resafa",2412,0.092594182
"Al Resafa",2413,0.092594182
"Al Resafa",2414,0.563888165
"Al Resafa",2415,0.563888165
"Al Resafa",2416,0.563888165
"Al Resafa",2417,0.563888165
"Al Resafa",2418,0.563888165
"Al Resafa",2419,0.563888165
"Al Resafa",2420,0.563888165
"Al Resafa",2421,0.563888165
"Al Resafa",2422,0.563888165
"Al Resafa",2423,0.563888165
"Al Resafa",2424,0.563888165
"Al Resafa",2425,0.563888165
"Al Resafa",2426,0.563888165
"Al Resafa",2427,0.563888165
"Al Resafa",2428,0.563888165
"Al Resafa",2429,0.563888165
"Al Resafa",2430,0.563888165
"Al Resafa",2431,0.563888165
"Al Resafa",2432,0.563888165
"Al Resafa",2433,0.563888165
"Al Resafa",2434,0.563888165
"Al Resafa",2435,0.563888165
"Al Resafa",2436,0.845832247
"Al Resafa",2437,0.845832247
"Al Resafa",2438,0.845832247
"Al Resafa",2439,0.845832247
"Al Resafa",2440,0.845832247
"Al Resafa",2441,0.845832247
"Al Resafa",2442,0.845832247
"Al Resafa",2443,0.845832247
"Al Resafa",2444,0.903923455
"Al Resafa",2445,0.903923455
"Al Resafa",2446,0.903923455
"Al Resafa",2447,0.903923455
"Al Resafa",2448,0.903923455
"Al Resafa",2449,0.499215736
"Al Resafa",2450,0.499215736
"Al Resafa",2451,0.499215736
"Al Resafa",2452,0.499215736
"Al Resafa",2453,0.670702057
"Al Resafa",2454,0.670702057
"Al Resafa",2455,0.670702057
"Al Resafa",2456,0.670702057
"Al Resafa",2457,1.13104756
"Al Resafa",2458,1.13104756
"Al Resafa",2459,1.13104756
"Al Resafa",2460,1.13104756
"Al Resafa",2461,1.13104756
"Al Resafa",2462,1.13104756
"Al Resafa",2463,1.13104756
"Al Resafa",2464,1.13104756
"Al Resafa",2465,1.13104756
"Al Resafa",2466,1.13104756
"Al Resafa",2467,1.13104756
"Al Resafa",2468,1.13104756
"Al Resafa",2469,1.13104756
"Al Resafa",2470,1.13104756
"Al Resafa",2471,1.13104756
"Al Resafa",2472,1.13104756
"Al Resafa",2473,1.13104756
"Al Resafa",2474,1.13104756
"Al Resafa",2475,1.13104756
"Al Resafa",2476,1.13104756
"Al Resafa",2477,1.13104756
"Al Resafa",2478,1.13104756
"Al Resafa",2479,1.13104756
"Al Resafa",2480,1.13104756
"Al Resafa",2481,1.13104756
"Al Resafa",2482,1.13104756
"Al Resafa",2483,1.13104756
"Al Resafa",2484,1.13104756
"Al Resafa",2485,1.13104756
"Al Resafa",2486,1.13104756
"Al Resafa",2487,1.13104756
"Al Resafa",2488,0.999193633
"Al Resafa",2489,0.999193633
"Al Resafa",2490,0.999193633
"Al Resafa",2491,0.999193633
"Al Resafa",2492,0.999193633
"Al Resafa",2493,0.999193633
"Al Resafa",2494,0.999193633
"Al Resafa",2495,0.999193633
"Al Resafa",2496,1.237953786
"Al Resafa",2497,1.237953786
"Al Resafa",2498,1.237953786
"Al Resafa",2499,1.237953786
"Al Resafa",2500,1.237953786
"Al Resafa",2501,1.234229497
"Al Resafa",2502,1.234229497
"Al Resafa",2503,1.234229497
"Al Resafa",2504,1.234229497
"Al Resafa",2505,1.234229497
"Al Resafa",2506,1.234229497
"Al Resafa",2507,1.234229497
"Al Resafa",2508,1.234229497
"Al Resafa",2509,0.972784383
"Al Resafa",2510,0.972784383
"Al Resafa",2511,0.972784383
"Al Resafa",2512,0.972784383
"Al Resafa",2513,0.972784383
"Al Resafa",2514,0.972784383
"Al Resafa",2515,0.972784383
"Al Resafa",2516,0.972784383
"Al Resafa",2517,0.972784383
"Al Resafa",2518,0.522890227
"Al Resafa",2519,0.522890227
"Al Resafa",2520,0.522890227
"Al Resafa",2521,0.522890227
"Al Resafa",2522,0.522890227
"Al Resafa",2523,0.522890227
"Al Resafa",2524,0.522890227
"Al Resafa",2525,0.522890227
"Al Resafa",2526,0.522890227
"Al Resafa",2527,0.522890227
"Al Resafa",2528,0.522890227
"Al Resafa",2529,0.522890227
"Al Resafa",2530,0.522890227
"Al Resafa",2531,0.522890227
"Al Resafa",2532,0.522890227
"Al Resafa",2533,0.522890227
"Al Resafa",2534,0.522890227
"Al Resafa",2535,0.522890227
"Al Resafa",2536,0.522890227
"Al Resafa",2537,0.522890227
"Al Resafa",2538,0.522890227
"Al Resafa",2539,0.522890227
"Al Sadr",2293,2.009476971
"Al Sadr",2294,2.009476971
"Al Sadr",2295,2.009476971
"Al Sadr",2296,2.009476971
"Al Sadr",2297,2.009476971
"Al Sadr",2298,2.009476971
"Al Sadr",2299,2.009476971
"Al Sadr",2300,2.009476971
"Al Sadr",2301,1.662180349
"Al Sadr",2302,1.662180349
"Al Sadr",2303,1.662180349
"Al Sadr",2304,1.662180349
"Al Sadr",2305,1.662180349
"Al Sadr",2306,1.662180349
"Al Sadr",2307,1.662180349
"Al Sadr",2308,1.662180349
"Al Sadr",2309,1.662180349
"Al Sadr",2310,1.662180349
"Al Sadr",2311,1.662180349
"Al Sadr",2312,1.662180349
"Al Sadr",2313,1.662180349
"Al Sadr",2314,1.662180349
"Al Sadr",2315,1.662180349
"Al Sadr",2316,1.662180349
"Al Sadr",2317,1.662180349
"Al Sadr",2318,1.662180349
"Al Sadr",2319,2.493270523
"Al Sadr",2320,2.493270523
"Al Sadr",2321,2.493270523
"Al Sadr",2322,2.493270523
"Al Sadr",2323,1.994616419
"Al Sadr",2324,1.994616419
"Al Sadr",2325,1.994616419
"Al Sadr",2326,1.994616419
"Al Sadr",2327,1.994616419
"Al Sadr",2328,1.745289366
"Al Sadr",2329,1.745289366
"Al Sadr",2330,1.745289366
"Al Sadr",2331,1.745289366
"Al Sadr",2332,1.745289366
"Al Sadr",2333,1.745289366
"Al Sadr",2334,1.745289366
"Al Sadr",2335,1.745289366
"Al Sadr",2336,1.745289366
"Al Sadr",2337,1.745289366
"Al Sadr",2338,1.745289366
"Al Sadr",2339,1.745289366
"Al Sadr",2340,1.9244341
"Al Sadr",2341,1.9244341
"Al Sadr",2342,1.9244341
"Al Sadr",2343,1.9244341
"Al Sadr",2344,1.9244341
"Al Sadr",2345,2.405542625
"Al Sadr",2346,2.405542625
"Al Sadr",2347,2.405542625
"Al Sadr",2348,2.405542625
"Al Sadr",2349,2.405542625
"Al Sadr",2350,2.405542625
"Al Sadr",2351,2.405542625
"Al Sadr",2352,2.405542625
"Al Sadr",2353,1.202771313
"Al Sadr",2354,1.202771313
"Al Sadr",2355,1.202771313
"Al Sadr",2356,1.202771313
"Al Sadr",2357,1.202771313
"Al Sadr",2358,1.443325575
"Al Sadr",2359,1.443325575
"Al Sadr",2360,1.443325575
"Al Sadr",2361,1.443325575
"Al Sadr",2362,1.202771313
"Al Sadr",2363,1.202771313
"Al Sadr",2364,1.202771313
"Al Sadr",2365,1.202771313
"Al Sadr",2366,1.202771313
"Al Sadr",2367,1.202771313
"Al Sadr",2368,1.202771313
"Al Sadr",2369,1.202771313
"Al Sadr",2370,1.202771313
"Al Sadr",2371,0.721662788
"Al Sadr",2372,0.721662788
"Al Sadr",2373,0.721662788
"Al Sadr",2374,0.721662788
"Al Sadr",2375,0.721662788
"Al Sadr",2376,0.721662788
"Al Sadr",2377,0.721662788
"Al Sadr",2378,0.721662788
"Al Sadr",2379,0.721662788
"Al Sadr",2380,0.721662788
"Al Sadr",2381,0.721662788
"Al Sadr",2382,0.721662788
"Al Sadr",2383,0.721662788
"Al Sadr",2384,0.721662788
"Al Sadr",2385,0.721662788
"Al Sadr",2386,0.721662788
"Al Sadr",2387,0.721662788
"Al Sadr",2388,0.721662788
"Al Sadr",2389,0.721662788
"Al Sadr",2390,0.721662788
"Al Sadr",2391,0.721662788
"Al Sadr",2392,0.092275252
"Al Sadr",2393,0.092275252
"Al Sadr",2394,0.092275252
"Al Sadr",2395,0.092275252
"Al Sadr",2396,0.092275252
"Al Sadr",2397,0.092275252
"Al Sadr",2398,0.092275252
"Al Sadr",2399,0.092275252
"Al Sadr",2400,0.092275252
"Al Sadr",2401,0.092275252
"Al Sadr",2402,0.092275252
"Al Sadr",2403,0.092275252
"Al Sadr",2404,0.092275252
"Al Sadr",2405,0.092275252
"Al Sadr",2406,0.092275252
"Al Sadr",2407,0.092275252
"Al Sadr",2408,0.092275252
"Al Sadr",2409,0.092275252
"Al Sadr",2410,0.092275252
"Al Sadr",2411,0.092275252
"Al Sadr",2412,0.092275252
"Al Sadr",2413,0.092275252
"Al Sadr",2414,0.092275252
"Al Sadr",2415,0.092275252
"Al Sadr",2416,0.092275252
"Al Sadr",2417,0.092275252
"Al Sadr",2418,0.092275252
"Al Sadr",2419,0.092275252
"Al Sadr",2420,0.092275252
"Al Sadr",2421,0.092275252
"Al Sadr",2422,0.092275252
"Al Sadr",2423,0.092275252
"Al Sadr",2424,0.092275252
"Al Sadr",2425,0.092275252
"Al Sadr",2426,0.092275252
"Al Sadr",2427,0.092275252
"Al Sadr",2428,0.092275252
"Al Sadr",2429,0.092275252
"Al Sadr",2430,0.092275252
"Al Sadr",2431,0.092275252
"Al Sadr",2432,0.092275252
"Al Sadr",2433,0.092275252
"Al Sadr",2434,0.092275252
"Al Sadr",2435,0.092275252
"Al Sadr",2436,0.373248212
"Al Sadr",2437,0.373248212
"Al Sadr",2438,0.373248212
"Al Sadr",2439,0.373248212
"Al Sadr",2440,0.373248212
"Al Sadr",2441,0.373248212
"Al Sadr",2442,0.373248212
"Al Sadr",2443,0.373248212
"Al Sadr",2444,0.364580683
"Al Sadr",2445,0.364580683
"Al Sadr",2446,0.364580683
"Al Sadr",2447,0.364580683
"Al Sadr",2448,0.364580683
"Al Sadr",2449,0.499779353
"Al Sadr",2450,0.499779353
"Al Sadr",2451,0.499779353
"Al Sadr",2452,0.499779353
"Al Sadr",2453,2.122163391
"Al Sadr",2454,2.122163391
"Al Sadr",2455,2.122163391
"Al Sadr",2456,2.122163391
"Al Sadr",2457,1.127161944
"Al Sadr",2458,1.127161944
"Al Sadr",2459,1.127161944
"Al Sadr",2460,1.127161944
"Al Sadr",2461,1.127161944
"Al Sadr",2462,1.664158909
"Al Sadr",2463,1.664158909
"Al Sadr",2464,1.664158909
"Al Sadr",2465,1.664158909
"Al Sadr",2466,1.393761569
"Al Sadr",2467,1.393761569
"Al Sadr",2468,1.393761569
"Al Sadr",2469,1.393761569
"Al Sadr",2470,1.393761569
"Al Sadr",2471,1.393761569
"Al Sadr",2472,1.393761569
"Al Sadr",2473,1.393761569
"Al Sadr",2474,1.393761569
"Al Sadr",2475,1.393761569
"Al Sadr",2476,1.393761569
"Al Sadr",2477,1.393761569
"Al Sadr",2478,1.393761569
"Al Sadr",2479,1.393761569
"Al Sadr",2480,1.393761569
"Al Sadr",2481,1.393761569
"Al Sadr",2482,1.393761569
"Al Sadr",2483,1.127161944
"Al Sadr",2484,1.127161944
"Al Sadr",2485,1.127161944
"Al Sadr",2486,1.127161944
"Al Sadr",2487,1.127161944
"Al Sadr",2488,1.525162523
"Al Sadr",2489,1.525162523
"Al Sadr",2490,1.525162523
"Al Sadr",2491,1.525162523
"Al Sadr",2492,1.525162523
"Al Sadr",2493,1.525162523
"Al Sadr",2494,1.525162523
"Al Sadr",2495,1.525162523
"Al Sadr",2496,1.042196719
"Al Sadr",2497,1.042196719
"Al Sadr",2498,1.042196719
"Al Sadr",2499,1.042196719
"Al Sadr",2500,1.042196719
"Al Sadr",2501,1.045908246
"Al Sadr",2502,1.045908246
"Al Sadr",2503,1.045908246
"Al Sadr",2504,1.045908246
"Al Sadr",2505,1.045908246
"Al Sadr",2506,1.045908246
"Al Sadr",2507,1.045908246
"Al Sadr",2508,1.045908246
"Al Sadr",2509,0.785359066
"Al Sadr",2510,0.785359066
"Al Sadr",2511,0.785359066
"Al Sadr",2512,0.785359066
"Al Sadr",2513,0.785359066
"Al Sadr",2514,1.46085694
"Al Sadr",2515,1.46085694
"Al Sadr",2516,1.46085694
"Al Sadr",2517,1.46085694
"Al Sadr",2518,1.46085694
"Al Sadr",2519,1.46085694
"Al Sadr",2520,1.46085694
"Al Sadr",2521,1.46085694
"Al Sadr",2522,1.160965576
"Al Sadr",2523,1.160965576
"Al Sadr",2524,1.160965576
"Al Sadr",2525,1.160965576
"Al Sadr",2526,1.160965576
"Al Sadr",2527,1.160965576
"Al Sadr",2528,1.160965576
"Al Sadr",2529,1.160965576
"Al Sadr",2530,1.160965576
"Al Sadr",2531,1.160965576
"Al Sadr",2532,1.160965576
"Al Sadr",2533,1.160965576
"Al Sadr",2534,1.160965576
"Al Sadr",2535,1.160965576
"Al Sadr",2536,1.160965576
"Al Sadr",2537,1.160965576
"Al Sadr",2538,1.160965576
"Al Sadr",2539,1.160965576
"Al-Daur",2293,18.48508034
"Al-Daur",2294,18.48508034
"Al-Daur",2295,18.48508034
"Al-Daur",2296,18.48508034
"Al-Daur",2297,23.05534302
"Al-Daur",2298,23.05534302
"Al-Daur",2299,23.05534302
"Al-Daur",2300,23.05534302
"Al-Daur",2301,23.05534302
"Al-Daur",2302,23.05534302
"Al-Daur",2303,23.05534302
"Al-Daur",2304,23.05534302
"Al-Daur",2305,23.05534302
"Al-Daur",2306,23.05534302
"Al-Daur",2307,23.05534302
"Al-Daur",2308,23.05534302
"Al-Daur",2309,23.05534302
"Al-Daur",2310,23.05534302
"Al-Daur",2311,23.05534302
"Al-Daur",2312,23.05534302
"Al-Daur",2313,23.05534302
"Al-Daur",2314,23.05534302
"Al-Daur",2315,23.05534302
"Al-Daur",2316,23.05534302
"Al-Daur",2317,23.05534302
"Al-Daur",2318,23.05534302
"Al-Daur",2319,23.05534302
"Al-Daur",2320,23.05534302
"Al-Daur",2321,23.05534302
"Al-Daur",2322,23.05534302
"Al-Daur",2323,23.05534302
"Al-Daur",2324,23.05534302
"Al-Daur",2325,23.05534302
"Al-Daur",2326,23.05534302
"Al-Daur",2327,23.05534302
"Al-Daur",2328,23.05534302
"Al-Daur",2329,23.05534302
"Al-Daur",2330,23.05534302
"Al-Daur",2331,23.05534302
"Al-Daur",2332,23.05534302
"Al-Daur",2333,23.05534302
"Al-Daur",2334,23.05534302
"Al-Daur",2335,23.05534302
"Al-Daur",2336,23.05534302
"Al-Daur",2337,23.05534302
"Al-Daur",2338,23.05534302
"Al-Daur",2339,23.05534302
"Al-Daur",2340,37.87621238
"Al-Daur",2341,37.87621238
"Al-Daur",2342,37.87621238
"Al-Daur",2343,37.87621238
"Al-Daur",2344,37.87621238
"Al-Daur",2345,43.91560844
"Al-Daur",2346,43.91560844
"Al-Daur",2347,43.91560844
"Al-Daur",2348,43.91560844
"Al-Daur",2349,33.39666033
"Al-Daur",2350,33.39666033
"Al-Daur",2351,33.39666033
"Al-Daur",2352,33.39666033
"Al-Daur",2353,33.39666033
"Al-Daur",2354,33.39666033
"Al-Daur",2355,33.39666033
"Al-Daur",2356,33.39666033
"Al-Daur",2357,33.39666033
"Al-Daur",2358,33.39666033
"Al-Daur",2359,33.39666033
"Al-Daur",2360,33.39666033
"Al-Daur",2361,33.39666033
"Al-Daur",2362,33.39666033
"Al-Daur",2363,33.39666033
"Al-Daur",2364,33.39666033
"Al-Daur",2365,33.39666033
"Al-Daur",2366,33.39666033
"Al-Daur",2367,33.39666033
"Al-Daur",2368,33.39666033
"Al-Daur",2369,33.39666033
"Al-Daur",2370,33.39666033
"Al-Daur",2371,33.39666033
"Al-Daur",2372,33.39666033
"Al-Daur",2373,33.39666033
"Al-Daur",2374,33.39666033
"Al-Daur",2375,33.39666033
"Al-Daur",2376,33.39666033
"Al-Daur",2377,33.39666033
"Al-Daur",2378,33.39666033
"Al-Daur",2379,18.11818818
"Al-Daur",2380,18.11818818
"Al-Daur",2381,18.11818818
"Al-Daur",2382,18.11818818
"Al-Daur",2383,18.11818818
"Al-Daur",2384,18.11818818
"Al-Daur",2385,18.11818818
"Al-Daur",2386,18.11818818
"Al-Daur",2387,18.11818818
"Al-Daur",2388,8.559144086
"Al-Daur",2389,8.559144086
"Al-Daur",2390,8.559144086
"Al-Daur",2391,8.559144086
"Al-Daur",2392,8.231639885
"Al-Daur",2393,8.231639885
"Al-Daur",2394,8.231639885
"Al-Daur",2395,8.231639885
"Al-Daur",2396,8.231639885
"Al-Daur",2397,8.231639885
"Al-Daur",2398,8.231639885
"Al-Daur",2399,8.231639885
"Al-Daur",2400,8.231639885
"Al-Daur",2401,8.231639885
"Al-Daur",2402,8.231639885
"Al-Daur",2403,8.231639885
"Al-Daur",2404,8.231639885
"Al-Daur",2405,8.231639885
"Al-Daur",2406,8.231639885
"Al-Daur",2407,8.231639885
"Al-Daur",2408,8.231639885
"Al-Daur",2409,8.231639885
"Al-Daur",2410,8.231639885
"Al-Daur",2411,8.231639885
"Al-Daur",2412,8.231639885
"Al-Daur",2413,8.231639885
"Al-Daur",2414,8.231639885
"Al-Daur",2415,8.231639885
"Al-Daur",2416,8.231639885
"Al-Daur",2417,8.231639885
"Al-Daur",2418,8.231639885
"Al-Daur",2419,8.231639885
"Al-Daur",2420,8.231639885
"Al-Daur",2421,8.231639885
"Al-Daur",2422,8.231639885
"Al-Hamdaniya",2293,12.77013308
"Al-Hamdaniya",2294,12.77013308
"Al-Hamdaniya",2295,12.77013308
"Al-Hamdaniya",2296,12.77013308
"Al-Hamdaniya",2297,9.116355628
"Al-Hamdaniya",2298,9.116355628
"Al-Hamdaniya",2299,9.116355628
"Al-Hamdaniya",2300,9.116355628
"Al-Hamdaniya",2301,9.116355628
"Al-Hamdaniya",2302,9.116355628
"Al-Hamdaniya",2303,9.116355628
"Al-Hamdaniya",2304,9.116355628
"Al-Hamdaniya",2305,9.116355628
"Al-Hamdaniya",2306,9.116355628
"Al-Hamdaniya",2307,9.116355628
"Al-Hamdaniya",2308,9.116355628
"Al-Hamdaniya",2309,9.116355628
"Al-Hamdaniya",2310,9.116355628
"Al-Hamdaniya",2311,9.116355628
"Al-Hamdaniya",2312,9.116355628
"Al-Hamdaniya",2313,9.116355628
"Al-Hamdaniya",2314,9.116355628
"Al-Hamdaniya",2315,9.116355628
"Al-Hamdaniya",2316,9.116355628
"Al-Hamdaniya",2317,9.116355628
"Al-Hamdaniya",2318,9.116355628
"Al-Hamdaniya",2319,9.116355628
"Al-Hamdaniya",2320,9.116355628
"Al-Hamdaniya",2321,9.116355628
"Al-Hamdaniya",2322,9.116355628
"Al-Hamdaniya",2323,9.116355628
"Al-Hamdaniya",2324,9.116355628
"Al-Hamdaniya",2325,9.116355628
"Al-Hamdaniya",2326,9.116355628
"Al-Hamdaniya",2327,9.116355628
"Al-Hamdaniya",2328,12.3088889
"Al-Hamdaniya",2329,12.3088889
"Al-Hamdaniya",2330,12.3088889
"Al-Hamdaniya",2331,12.3088889
"Al-Hamdaniya",2332,11.24471114
"Al-Hamdaniya",2333,11.24471114
"Al-Hamdaniya",2334,11.24471114
"Al-Hamdaniya",2335,11.24471114
"Al-Hamdaniya",2336,11.24471114
"Al-Hamdaniya",2337,11.24471114
"Al-Hamdaniya",2338,11.24471114
"Al-Hamdaniya",2339,11.24471114
"Al-Hamdaniya",2340,10.13953973
"Al-Hamdaniya",2341,10.13953973
"Al-Hamdaniya",2342,10.13953973
"Al-Hamdaniya",2343,10.13953973
"Al-Hamdaniya",2344,10.13953973
"Al-Hamdaniya",2345,10.13953973
"Al-Hamdaniya",2346,10.13953973
"Al-Hamdaniya",2347,10.13953973
"Al-Hamdaniya",2348,10.13953973
"Al-Hamdaniya",2349,7.889619823
"Al-Hamdaniya",2350,7.889619823
"Al-Hamdaniya",2351,7.889619823
"Al-Hamdaniya",2352,7.889619823
"Al-Hamdaniya",2353,7.889619823
"Al-Hamdaniya",2354,7.889619823
"Al-Hamdaniya",2355,7.889619823
"Al-Hamdaniya",2356,7.889619823
"Al-Hamdaniya",2357,7.889619823
"Al-Hamdaniya",2358,7.889619823
"Al-Hamdaniya",2359,7.889619823
"Al-Hamdaniya",2360,7.889619823
"Al-Hamdaniya",2361,7.889619823
"Al-Hamdaniya",2362,7.889619823
"Al-Hamdaniya",2363,7.889619823
"Al-Hamdaniya",2364,7.889619823
"Al-Hamdaniya",2365,7.889619823
"Al-Hamdaniya",2366,7.889619823
"Al-Hamdaniya",2367,7.889619823
"Al-Hamdaniya",2368,7.889619823
"Al-Hamdaniya",2369,7.889619823
"Al-Hamdaniya",2370,7.889619823
"Al-Hamdaniya",2371,7.889619823
"Al-Hamdaniya",2372,7.889619823
"Al-Hamdaniya",2373,7.889619823
"Al-Hamdaniya",2374,7.889619823
"Al-Hamdaniya",2375,7.889619823
"Al-Hamdaniya",2376,7.889619823
"Al-Hamdaniya",2377,7.889619823
"Al-Hamdaniya",2378,7.889619823
"Al-Hamdaniya",2379,7.889619823
"Al-Hamdaniya",2380,7.889619823
"Al-Hamdaniya",2381,7.889619823
"Al-Hamdaniya",2382,7.889619823
"Al-Hamdaniya",2383,7.889619823
"Al-Hamdaniya",2384,7.889619823
"Al-Hamdaniya",2385,7.889619823
"Al-Hamdaniya",2386,7.889619823
"Al-Hamdaniya",2387,7.889619823
"Al-Hamdaniya",2388,7.889619823
"Al-Hamdaniya",2389,7.889619823
"Al-Hamdaniya",2390,7.889619823
"Al-Hamdaniya",2391,7.889619823
"Al-Hamdaniya",2392,6.779791229
"Al-Hamdaniya",2393,6.779791229
"Al-Hamdaniya",2394,6.779791229
"Al-Hamdaniya",2395,6.779791229
"Al-Hamdaniya",2396,6.779791229
"Al-Hamdaniya",2397,6.779791229
"Al-Hamdaniya",2398,6.779791229
"Al-Hamdaniya",2399,6.779791229
"Al-Hamdaniya",2400,6.779791229
"Al-Hamdaniya",2401,6.779791229
"Al-Hamdaniya",2402,6.779791229
"Al-Hamdaniya",2403,6.779791229
"Al-Hamdaniya",2404,6.779791229
"Al-Hamdaniya",2405,6.779791229
"Al-Hamdaniya",2406,6.779791229
"Al-Hamdaniya",2407,6.779791229
"Al-Hamdaniya",2408,6.779791229
"Al-Hamdaniya",2409,6.779791229
"Al-Hamdaniya",2410,6.779791229
"Al-Hamdaniya",2411,6.779791229
"Al-Hamdaniya",2412,6.779791229
"Al-Hamdaniya",2413,6.779791229
"Al-Hamdaniya",2414,6.779791229
"Al-Hamdaniya",2415,6.779791229
"Al-Hamdaniya",2416,6.779791229
"Al-Hamdaniya",2417,6.779791229
"Al-Hamdaniya",2418,5.932317325
"Al-Hamdaniya",2419,5.932317325
"Al-Hamdaniya",2420,5.932317325
"Al-Hamdaniya",2421,5.932317325
"Al-Hamdaniya",2422,5.932317325
"Al-Hamdaniya",2423,5.932317325
"Al-Hamdaniya",2424,5.932317325
"Al-Hamdaniya",2425,5.932317325
"Al-Hamdaniya",2426,5.932317325
"Al-Hamdaniya",2427,5.932317325
"Al-Hamdaniya",2428,5.932317325
"Al-Hamdaniya",2429,5.932317325
"Al-Hamdaniya",2430,5.932317325
"Al-Hamdaniya",2431,5.084843421
"Al-Hamdaniya",2432,5.084843421
"Al-Hamdaniya",2433,5.084843421
"Al-Hamdaniya",2434,5.084843421
"Al-Hamdaniya",2435,5.084843421
"Al-Hamdaniya",2436,1.541298148
"Al-Hamdaniya",2437,1.541298148
"Al-Hamdaniya",2438,1.541298148
"Al-Hamdaniya",2439,1.541298148
"Al-Hamdaniya",2440,1.541298148
"Al-Hamdaniya",2441,1.541298148
"Al-Hamdaniya",2442,1.541298148
"Al-Hamdaniya",2443,1.541298148
"Al-Hamdaniya",2444,3.596796342
"Al-Hamdaniya",2445,3.596796342
"Al-Hamdaniya",2446,3.596796342
"Al-Hamdaniya",2447,3.596796342
"Al-Hamdaniya",2448,3.596796342
"Al-Hamdaniya",2449,3.596796342
"Al-Hamdaniya",2450,3.596796342
"Al-Hamdaniya",2451,3.596796342
"Al-Hamdaniya",2452,3.596796342
"Al-Hamdaniya",2453,3.596796342
"Al-Hamdaniya",2454,3.596796342
"Al-Hamdaniya",2455,3.596796342
"Al-Hamdaniya",2456,3.596796342
"Al-Hamdaniya",2457,3.596796342
"Al-Hamdaniya",2458,3.596796342
"Al-Hamdaniya",2459,3.596796342
"Al-Hamdaniya",2460,3.596796342
"Al-Hamdaniya",2461,3.596796342
"Al-Hamdaniya",2462,3.596796342
"Al-Hamdaniya",2463,3.596796342
"Al-Hamdaniya",2464,3.596796342
"Al-Hamdaniya",2465,3.596796342
"Al-Hamdaniya",2466,3.596796342
"Al-Hamdaniya",2467,3.596796342
"Al-Hamdaniya",2468,3.596796342
"Al-Hamdaniya",2469,3.596796342
"Al-Hamdaniya",2470,3.596796342
"Al-Hamdaniya",2471,3.596796342
"Al-Hamdaniya",2472,3.596796342
"Al-Hamdaniya",2473,3.596796342
"Al-Hamdaniya",2474,3.596796342
"Al-Hamdaniya",2475,3.596796342
"Al-Hamdaniya",2476,3.596796342
"Al-Hamdaniya",2477,3.596796342
"Al-Hamdaniya",2478,3.596796342
"Al-Hamdaniya",2479,3.596796342
"Al-Hamdaniya",2480,3.596796342
"Al-Hamdaniya",2481,3.596796342
"Al-Hamdaniya",2482,3.596796342
"Al-Hamdaniya",2483,3.596796342
"Al-Hamdaniya",2484,3.596796342
"Al-Hamdaniya",2485,3.596796342
"Al-Hamdaniya",2486,3.596796342
"Al-Hamdaniya",2487,3.596796342
"Al-Hamdaniya",2488,2.446657977
"Al-Hamdaniya",2489,2.446657977
"Al-Hamdaniya",2490,2.446657977
"Al-Hamdaniya",2491,2.446657977
"Al-Hamdaniya",2492,2.446657977
"Al-Hamdaniya",2493,2.446657977
"Al-Hamdaniya",2494,2.446657977
"Al-Hamdaniya",2495,2.446657977
"Al-Hamdaniya",2496,2.370372371
"Al-Hamdaniya",2497,2.370372371
"Al-Hamdaniya",2498,2.370372371
"Al-Hamdaniya",2499,2.370372371
"Al-Hamdaniya",2500,2.370372371
"Al-Hamdaniya",2501,4.409838058
"Al-Hamdaniya",2502,4.409838058
"Al-Hamdaniya",2503,4.409838058
"Al-Hamdaniya",2504,4.409838058
"Al-Hamdaniya",2505,2.039465687
"Al-Hamdaniya",2506,2.039465687
"Al-Hamdaniya",2507,2.039465687
"Al-Hamdaniya",2508,2.039465687
"Al-Hamdaniya",2509,2.039465687
"Al-Hamdaniya",2510,2.039465687
"Al-Hamdaniya",2511,2.039465687
"Al-Hamdaniya",2512,2.039465687
"Al-Hamdaniya",2513,2.039465687
"Al-Hamdaniya",2514,2.039465687
"Al-Hamdaniya",2515,2.039465687
"Al-Hamdaniya",2516,2.039465687
"Al-Hamdaniya",2517,2.039465687
"Al-Hamdaniya",2518,2.039465687
"Al-Hamdaniya",2519,2.039465687
"Al-Hamdaniya",2520,2.039465687
"Al-Hamdaniya",2521,2.039465687
"Al-Hamdaniya",2522,2.039465687
"Al-Hamdaniya",2523,2.039465687
"Al-Hamdaniya",2524,2.039465687
"Al-Hamdaniya",2525,2.039465687
"Al-Hamdaniya",2526,2.039465687
"Al-Hamdaniya",2527,2.039465687
"Al-Hamdaniya",2528,2.039465687
"Al-Hamdaniya",2529,2.039465687
"Al-Hamdaniya",2530,2.039465687
"Al-Hamdaniya",2531,2.039465687
"Al-Hamdaniya",2532,2.039465687
"Al-Hamdaniya",2533,2.039465687
"Al-Hamdaniya",2534,2.039465687
"Al-Hamdaniya",2535,2.039465687
"Al-Hamdaniya",2536,2.039465687
"Al-Hamdaniya",2537,2.039465687
"Al-Hamdaniya",2538,2.039465687
"Al-Hamdaniya",2539,2.039465687
"Al-Hawiga",2293,1.700444416
"Al-Hawiga",2294,1.700444416
"Al-Hawiga",2295,1.700444416
"Al-Hawiga",2296,1.700444416
"Al-Hawiga",2297,1.700444416
"Al-Hawiga",2298,1.700444416
"Al-Hawiga",2299,1.700444416
"Al-Hawiga",2300,1.700444416
"Al-Hawiga",2301,1.700444416
"Al-Hawiga",2302,1.700444416
"Al-Hawiga",2303,1.700444416
"Al-Hawiga",2304,1.700444416
"Al-Hawiga",2305,1.700444416
"Al-Hawiga",2306,1.700444416
"Al-Hawiga",2307,1.700444416
"Al-Hawiga",2308,1.700444416
"Al-Hawiga",2309,1.700444416
"Al-Hawiga",2310,1.700444416
"Al-Hawiga",2311,1.700444416
"Al-Hawiga",2312,1.700444416
"Al-Hawiga",2313,1.700444416
"Al-Hawiga",2314,1.700444416
"Al-Hawiga",2315,1.700444416
"Al-Hawiga",2316,1.700444416
"Al-Hawiga",2317,1.700444416
"Al-Hawiga",2318,1.700444416
"Al-Hawiga",2319,1.700444416
"Al-Hawiga",2320,1.700444416
"Al-Hawiga",2321,1.700444416
"Al-Hawiga",2322,1.700444416
"Al-Hawiga",2323,1.700444416
"Al-Hawiga",2324,1.700444416
"Al-Hawiga",2325,1.700444416
"Al-Hawiga",2326,1.700444416
"Al-Hawiga",2327,1.700444416
"Al-Hawiga",2328,1.700444416
"Al-Hawiga",2329,1.700444416
"Al-Hawiga",2330,1.700444416
"Al-Hawiga",2331,1.700444416
"Al-Hawiga",2332,1.700444416
"Al-Hawiga",2333,1.700444416
"Al-Hawiga",2334,1.700444416
"Al-Hawiga",2335,1.700444416
"Al-Hawiga",2336,1.700444416
"Al-Hawiga",2337,1.700444416
"Al-Hawiga",2338,1.700444416
"Al-Hawiga",2339,1.700444416
"Al-Hawiga",2340,1.701727423
"Al-Hawiga",2341,1.701727423
"Al-Hawiga",2342,1.701727423
"Al-Hawiga",2343,1.701727423
"Al-Hawiga",2344,1.701727423
"Al-Hawiga",2345,1.701727423
"Al-Hawiga",2346,1.701727423
"Al-Hawiga",2347,1.701727423
"Al-Hawiga",2348,1.701727423
"Al-Hawiga",2349,1.701727423
"Al-Hawiga",2350,1.701727423
"Al-Hawiga",2351,1.701727423
"Al-Hawiga",2352,1.701727423
"Al-Hawiga",2353,1.701727423
"Al-Hawiga",2354,1.701727423
"Al-Hawiga",2355,1.701727423
"Al-Hawiga",2356,1.701727423
"Al-Hawiga",2357,1.701727423
"Al-Hawiga",2358,1.701727423
"Al-Hawiga",2359,1.701727423
"Al-Hawiga",2360,1.701727423
"Al-Hawiga",2361,1.701727423
"Al-Hawiga",2362,1.701727423
"Al-Hawiga",2363,1.701727423
"Al-Hawiga",2364,1.701727423
"Al-Hawiga",2365,1.701727423
"Al-Hawiga",2366,1.701727423
"Al-Hawiga",2367,1.701727423
"Al-Hawiga",2368,1.701727423
"Al-Hawiga",2369,1.701727423
"Al-Hawiga",2370,1.701727423
"Al-Hawiga",2371,1.701727423
"Al-Hawiga",2372,1.701727423
"Al-Hawiga",2373,1.701727423
"Al-Hawiga",2374,1.701727423
"Al-Hawiga",2375,3.403454846
"Al-Hawiga",2376,3.403454846
"Al-Hawiga",2377,3.403454846
"Al-Hawiga",2378,3.403454846
"Al-Hawiga",2379,1.701727423
"Al-Hawiga",2380,1.701727423
"Al-Hawiga",2381,1.701727423
"Al-Hawiga",2382,1.701727423
"Al-Hawiga",2383,1.701727423
"Al-Hawiga",2384,1.701727423
"Al-Hawiga",2385,1.701727423
"Al-Hawiga",2386,1.701727423
"Al-Hawiga",2387,1.701727423
"Al-Hawiga",2388,1.701727423
"Al-Hawiga",2389,1.701727423
"Al-Hawiga",2390,1.701727423
"Al-Hawiga",2391,1.701727423
"Al-Hawiga",2392,1.665662208
"Al-Hawiga",2393,1.665662208
"Al-Hawiga",2394,1.665662208
"Al-Hawiga",2395,1.665662208
"Al-Hawiga",2396,1.665662208
"Al-Hawiga",2397,1.665662208
"Al-Hawiga",2398,1.665662208
"Al-Hawiga",2399,1.665662208
"Al-Hawiga",2400,1.665662208
"Al-Hawiga",2401,1.665662208
"Al-Hawiga",2402,1.665662208
"Al-Hawiga",2403,1.665662208
"Al-Hawiga",2404,1.665662208
"Al-Hawiga",2405,1.665662208
"Al-Hawiga",2406,1.665662208
"Al-Hawiga",2407,1.665662208
"Al-Hawiga",2408,1.665662208
"Al-Hawiga",2409,1.665662208
"Al-Hawiga",2410,1.665662208
"Al-Hawiga",2411,1.665662208
"Al-Hawiga",2412,1.665662208
"Al-Hawiga",2413,1.665662208
"Al-Hawiga",2414,1.665662208
"Al-Hawiga",2415,1.665662208
"Al-Hawiga",2416,1.665662208
"Al-Hawiga",2417,1.665662208
"Al-Hawiga",2418,1.665662208
"Al-Hawiga",2419,1.665662208
"Al-Hawiga",2420,1.665662208
"Al-Hawiga",2421,1.665662208
"Al-Hawiga",2422,1.665662208
"Al-Hawiga",2423,1.665662208
"Al-Hawiga",2424,1.665662208
"Al-Hawiga",2425,1.665662208
"Al-Hawiga",2426,1.665662208
"Al-Hawiga",2427,1.665662208
"Al-Hawiga",2428,1.665662208
"Al-Hawiga",2429,1.665662208
"Al-Hawiga",2430,1.665662208
"Al-Hawiga",2431,1.665662208
"Al-Hawiga",2432,1.665662208
"Al-Hawiga",2433,1.665662208
"Al-Hawiga",2434,1.665662208
"Al-Hawiga",2435,1.665662208
"Al-Hawiga",2436,1.665662208
"Al-Hawiga",2437,1.665662208
"Al-Hawiga",2438,1.665662208
"Al-Hawiga",2439,1.665662208
"Al-Hawiga",2440,1.665662208
"Al-Hawiga",2441,1.665662208
"Al-Hawiga",2442,1.665662208
"Al-Hawiga",2443,1.665662208
"Al-Hawiga",2444,1.631093948
"Al-Hawiga",2445,1.631093948
"Al-Hawiga",2446,1.631093948
"Al-Hawiga",2447,1.631093948
"Al-Hawiga",2448,1.631093948
"Al-Hawiga",2449,1.631093948
"Al-Hawiga",2450,1.631093948
"Al-Hawiga",2451,1.631093948
"Al-Hawiga",2452,1.631093948
"Al-Hawiga",2453,1.631093948
"Al-Hawiga",2454,1.631093948
"Al-Hawiga",2455,1.631093948
"Al-Hawiga",2456,1.631093948
"Al-Hawiga",2457,1.631093948
"Al-Hawiga",2458,1.631093948
"Al-Hawiga",2459,1.631093948
"Al-Hawiga",2460,1.631093948
"Al-Hawiga",2461,1.631093948
"Al-Hawiga",2462,1.631093948
"Al-Hawiga",2463,1.631093948
"Al-Hawiga",2464,1.631093948
"Al-Hawiga",2465,1.631093948
"Al-Hawiga",2466,1.631093948
"Al-Hawiga",2467,1.631093948
"Al-Hawiga",2468,1.631093948
"Al-Hawiga",2469,1.631093948
"Al-Hawiga",2470,1.631093948
"Al-Hawiga",2471,1.631093948
"Al-Hawiga",2472,1.631093948
"Al-Hawiga",2473,1.631093948
"Al-Hawiga",2474,1.631093948
"Al-Hawiga",2475,1.631093948
"Al-Hawiga",2476,1.631093948
"Al-Hawiga",2477,1.631093948
"Al-Hawiga",2478,1.631093948
"Al-Hawiga",2479,1.631093948
"Al-Hawiga",2480,1.631093948
"Al-Hawiga",2481,1.631093948
"Al-Hawiga",2482,1.631093948
"Al-Hawiga",2483,1.631093948
"Al-Hawiga",2484,1.631093948
"Al-Hawiga",2485,1.631093948
"Al-Hawiga",2486,1.631093948
"Al-Hawiga",2487,1.631093948
"Al-Hawiga",2488,1.631093948
"Al-Hawiga",2489,1.631093948
"Al-Hawiga",2490,1.631093948
"Al-Hawiga",2491,1.631093948
"Al-Hawiga",2492,1.631093948
"Al-Hawiga",2493,1.631093948
"Al-Hawiga",2494,1.631093948
"Al-Hawiga",2495,1.631093948
"Al-Hawiga",2496,1.597931339
"Al-Hawiga",2497,1.597931339
"Al-Hawiga",2498,1.597931339
"Al-Hawiga",2499,1.597931339
"Al-Hawiga",2500,1.597931339
"Al-Hawiga",2501,1.597931339
"Al-Hawiga",2502,1.597931339
"Al-Hawiga",2503,1.597931339
"Al-Hawiga",2504,1.597931339
"Al-Hawiga",2505,1.597931339
"Al-Hawiga",2506,1.597931339
"Al-Hawiga",2507,1.597931339
"Al-Hawiga",2508,1.597931339
"Al-Hawiga",2509,1.597931339
"Al-Hawiga",2510,1.597931339
"Al-Hawiga",2511,1.597931339
"Al-Hawiga",2512,1.597931339
"Al-Hawiga",2513,1.597931339
"Al-Hawiga",2514,1.597931339
"Al-Hawiga",2515,1.597931339
"Al-Hawiga",2516,1.597931339
"Al-Hawiga",2517,1.597931339
"Al-Hawiga",2518,1.597931339
"Al-Hawiga",2519,1.597931339
"Al-Hawiga",2520,1.597931339
"Al-Hawiga",2521,1.597931339
"Al-Hawiga",2522,1.597931339
"Al-Hawiga",2523,1.597931339
"Al-Hawiga",2524,1.597931339
"Al-Hawiga",2525,1.597931339
"Al-Hawiga",2526,1.597931339
"Al-Hawiga",2527,1.597931339
"Al-Hawiga",2528,1.597931339
"Al-Hawiga",2529,1.597931339
"Al-Hawiga",2530,1.597931339
"Al-Hawiga",2531,1.597931339
"Al-Hawiga",2532,1.597931339
"Al-Hawiga",2533,1.597931339
"Al-Hawiga",2534,1.597931339
"Al-Hawiga",2535,1.597931339
"Al-Hawiga",2536,1.597931339
"Al-Hawiga",2537,1.597931339
"Al-Hawiga",2538,1.597931339
"Al-Hawiga",2539,1.597931339
"Al-Ka'im",2293,6.179259217
"Al-Ka'im",2294,6.179259217
"Al-Ka'im",2295,6.179259217
"Al-Ka'im",2296,6.179259217
"Al-Ka'im",2297,10.39588535
"Al-Ka'im",2298,10.39588535
"Al-Ka'im",2299,10.39588535
"Al-Ka'im",2300,10.39588535
"Al-Ka'im",2301,10.39588535
"Al-Ka'im",2302,10.39588535
"Al-Ka'im",2303,10.39588535
"Al-Ka'im",2304,10.39588535
"Al-Ka'im",2305,10.39588535
"Al-Ka'im",2306,10.39588535
"Al-Ka'im",2307,10.39588535
"Al-Ka'im",2308,10.39588535
"Al-Ka'im",2309,10.39588535
"Al-Ka'im",2310,10.39588535
"Al-Ka'im",2311,10.39588535
"Al-Ka'im",2312,10.39588535
"Al-Ka'im",2313,10.39588535
"Al-Ka'im",2314,10.39588535
"Al-Ka'im",2315,10.39588535
"Al-Ka'im",2316,10.39588535
"Al-Ka'im",2317,10.39588535
"Al-Ka'im",2318,10.39588535
"Al-Ka'im",2319,10.39588535
"Al-Ka'im",2320,10.39588535
"Al-Ka'im",2321,10.39588535
"Al-Ka'im",2322,10.39588535
"Al-Ka'im",2323,15.31056139
"Al-Ka'im",2324,15.31056139
"Al-Ka'im",2325,15.31056139
"Al-Ka'im",2326,15.31056139
"Al-Ka'im",2327,15.31056139
"Al-Ka'im",2328,4.914676044
"Al-Ka'im",2329,4.914676044
"Al-Ka'im",2330,4.914676044
"Al-Ka'im",2331,4.914676044
"Al-Ka'im",2332,1.827069769
"Al-Ka'im",2333,1.827069769
"Al-Ka'im",2334,1.827069769
"Al-Ka'im",2335,1.827069769
"Al-Ka'im",2336,1.827069769
"Al-Ka'im",2337,1.827069769
"Al-Ka'im",2338,1.827069769
"Al-Ka'im",2339,1.827069769
"Al-Ka'im",2340,1.766680753
"Al-Ka'im",2341,1.766680753
"Al-Ka'im",2342,1.766680753
"Al-Ka'im",2343,1.766680753
"Al-Ka'im",2344,1.766680753
"Al-Ka'im",2345,8.833403766
"Al-Ka'im",2346,8.833403766
"Al-Ka'im",2347,8.833403766
"Al-Ka'im",2348,8.833403766
"Al-Ka'im",2349,11.52744518
"Al-Ka'im",2350,11.52744518
"Al-Ka'im",2351,11.52744518
"Al-Ka'im",2352,11.52744518
"Al-Ka'im",2353,11.52744518
"Al-Ka'im",2354,11.52744518
"Al-Ka'im",2355,11.52744518
"Al-Ka'im",2356,11.52744518
"Al-Ka'im",2357,11.52744518
"Al-Ka'im",2358,11.52744518
"Al-Ka'im",2359,11.52744518
"Al-Ka'im",2360,11.52744518
"Al-Ka'im",2361,11.52744518
"Al-Ka'im",2362,9.297084096
"Al-Ka'im",2363,9.297084096
"Al-Ka'im",2364,9.297084096
"Al-Ka'im",2365,9.297084096
"Al-Ka'im",2366,11.52744518
"Al-Ka'im",2367,11.52744518
"Al-Ka'im",2368,11.52744518
"Al-Ka'im",2369,11.52744518
"Al-Ka'im",2370,11.52744518
"Al-Ka'im",2371,11.52744518
"Al-Ka'im",2372,11.52744518
"Al-Ka'im",2373,11.52744518
"Al-Ka'im",2374,11.52744518
"Al-Ka'im",2375,18.59416819
"Al-Ka'im",2376,18.59416819
"Al-Ka'im",2377,18.59416819
"Al-Ka'im",2378,18.59416819
"Al-Ka'im",2379,7.066723013
"Al-Ka'im",2380,7.066723013
"Al-Ka'im",2381,7.066723013
"Al-Ka'im",2382,7.066723013
"Al-Ka'im",2383,7.066723013
"Al-Ka'im",2384,7.066723013
"Al-Ka'im",2385,7.066723013
"Al-Ka'im",2386,7.066723013
"Al-Ka'im",2387,7.066723013
"Al-Ka'im",2388,7.066723013
"Al-Ka'im",2389,7.066723013
"Al-Ka'im",2390,7.066723013
"Al-Ka'im",2391,7.066723013
"Al-Ka'im",2392,6.806130794
"Al-Ka'im",2393,6.806130794
"Al-Ka'im",2394,6.806130794
"Al-Ka'im",2395,6.806130794
"Al-Ka'im",2396,6.806130794
"Al-Ka'im",2397,13.61226159
"Al-Ka'im",2398,13.61226159
"Al-Ka'im",2399,13.61226159
"Al-Ka'im",2400,13.61226159
"Al-Ka'im",2401,13.61226159
"Al-Ka'im",2402,13.61226159
"Al-Ka'im",2403,13.61226159
"Al-Ka'im",2404,13.61226159
"Al-Ka'im",2405,6.806130794
"Al-Ka'im",2406,6.806130794
"Al-Ka'im",2407,6.806130794
"Al-Ka'im",2408,6.806130794
"Al-Ka'im",2409,6.806130794
"Al-Ka'im",2410,6.806130794
"Al-Ka'im",2411,6.806130794
"Al-Ka'im",2412,6.806130794
"Al-Ka'im",2413,6.806130794
"Al-Ka'im",2414,6.806130794
"Al-Ka'im",2415,6.806130794
"Al-Ka'im",2416,6.806130794
"Al-Ka'im",2417,6.806130794
"Al-Ka'im",2418,6.806130794
"Al-Ka'im",2419,6.806130794
"Al-Ka'im",2420,6.806130794
"Al-Ka'im",2421,6.806130794
"Al-Ka'im",2422,6.806130794
"Al-Ka'im",2423,6.806130794
"Al-Ka'im",2424,6.806130794
"Al-Ka'im",2425,6.806130794
"Al-Ka'im",2426,6.806130794
"Al-Ka'im",2427,6.806130794
"Al-Ka'im",2428,6.806130794
"Al-Ka'im",2429,6.806130794
"Al-Ka'im",2430,6.806130794
"Al-Ka'im",2431,6.806130794
"Al-Ka'im",2432,6.806130794
"Al-Ka'im",2433,6.806130794
"Al-Ka'im",2434,6.806130794
"Al-Ka'im",2435,6.806130794
"Al-Ka'im",2436,6.806130794
"Al-Ka'im",2437,6.806130794
"Al-Ka'im",2438,6.806130794
"Al-Ka'im",2439,6.806130794
"Al-Ka'im",2440,6.806130794
"Al-Ka'im",2441,6.806130794
"Al-Ka'im",2442,6.806130794
"Al-Ka'im",2443,6.806130794
"Al-Ka'im",2444,6.564074233
"Al-Ka'im",2445,6.564074233
"Al-Ka'im",2446,6.564074233
"Al-Ka'im",2447,6.564074233
"Al-Ka'im",2448,6.564074233
"Al-Ka'im",2449,6.564074233
"Al-Ka'im",2450,6.564074233
"Al-Ka'im",2451,6.564074233
"Al-Ka'im",2452,6.564074233
"Al-Ka'im",2453,6.564074233
"Al-Ka'im",2454,6.564074233
"Al-Ka'im",2455,6.564074233
"Al-Ka'im",2456,6.564074233
"Al-Ka'im",2457,6.564074233
"Al-Ka'im",2458,6.564074233
"Al-Ka'im",2459,6.564074233
"Al-Ka'im",2460,6.564074233
"Al-Ka'im",2461,6.564074233
"Al-Ka'im",2462,6.564074233
"Al-Ka'im",2463,6.564074233
"Al-Ka'im",2464,6.564074233
"Al-Ka'im",2465,6.564074233
"Al-Ka'im",2466,6.564074233
"Al-Ka'im",2467,6.564074233
"Al-Ka'im",2468,6.564074233
"Al-Ka'im",2469,6.564074233
"Al-Ka'im",2470,6.564074233
"Al-Ka'im",2471,6.564074233
"Al-Ka'im",2472,6.564074233
"Al-Ka'im",2473,6.564074233
"Al-Ka'im",2474,6.564074233
"Al-Ka'im",2475,6.564074233
"Al-Ka'im",2476,6.564074233
"Al-Ka'im",2477,6.564074233
"Al-Ka'im",2478,6.564074233
"Al-Ka'im",2479,6.564074233
"Al-Ka'im",2480,6.564074233
"Al-Ka'im",2481,6.564074233
"Al-Ka'im",2482,6.564074233
"Al-Ka'im",2483,6.564074233
"Al-Ka'im",2484,6.564074233
"Al-Ka'im",2485,6.564074233
"Al-Ka'im",2486,6.564074233
"Al-Ka'im",2487,6.564074233
"Al-Ka'im",2488,6.564074233
"Al-Ka'im",2489,6.564074233
"Al-Ka'im",2490,6.564074233
"Al-Ka'im",2491,6.564074233
"Al-Ka'im",2492,6.564074233
"Al-Ka'im",2493,6.564074233
"Al-Ka'im",2494,6.564074233
"Al-Ka'im",2495,6.564074233
"Al-Ka'im",2496,6.338643615
"Al-Ka'im",2497,6.338643615
"Al-Ka'im",2498,6.338643615
"Al-Ka'im",2499,6.338643615
"Al-Ka'im",2500,6.338643615
"Al-Ka'im",2501,6.338643615
"Al-Ka'im",2502,6.338643615
"Al-Ka'im",2503,6.338643615
"Al-Ka'im",2504,6.338643615
"Al-Ka'im",2505,6.338643615
"Al-Ka'im",2506,6.338643615
"Al-Ka'im",2507,6.338643615
"Al-Ka'im",2508,6.338643615
"Al-Ka'im",2509,6.338643615
"Al-Ka'im",2510,6.338643615
"Al-Ka'im",2511,6.338643615
"Al-Ka'im",2512,6.338643615
"Al-Ka'im",2513,6.338643615
"Al-Ka'im",2514,6.338643615
"Al-Ka'im",2515,6.338643615
"Al-Ka'im",2516,6.338643615
"Al-Ka'im",2517,6.338643615
"Al-Ka'im",2518,6.338643615
"Al-Ka'im",2519,6.338643615
"Al-Ka'im",2520,6.338643615
"Al-Ka'im",2521,6.338643615
"Al-Ka'im",2522,6.338643615
"Al-Ka'im",2523,6.338643615
"Al-Ka'im",2524,6.338643615
"Al-Ka'im",2525,6.338643615
"Al-Ka'im",2526,6.338643615
"Al-Ka'im",2527,6.338643615
"Al-Ka'im",2528,6.338643615
"Al-Ka'im",2529,6.338643615
"Al-Ka'im",2530,6.338643615
"Al-Ka'im",2531,6.338643615
"Al-Ka'im",2532,6.338643615
"Al-Ka'im",2533,6.338643615
"Al-Ka'im",2534,6.338643615
"Al-Ka'im",2535,6.338643615
"Al-Ka'im",2536,6.338643615
"Al-Ka'im",2537,6.338643615
"Al-Ka'im",2538,6.338643615
"Al-Ka'im",2539,6.338643615
"Al-Khalis",2345,1.009031163
"Al-Khalis",2346,1.009031163
"Al-Khalis",2347,1.009031163
"Al-Khalis",2348,1.009031163
"Al-Khalis",2349,1.009031163
"Al-Khalis",2350,1.009031163
"Al-Khalis",2351,1.009031163
"Al-Khalis",2352,1.009031163
"Al-Khalis",2353,1.009031163
"Al-Khalis",2354,1.009031163
"Al-Khalis",2355,1.009031163
"Al-Khalis",2356,1.009031163
"Al-Khalis",2357,1.009031163
"Al-Khalis",2358,1.009031163
"Al-Khalis",2359,1.009031163
"Al-Khalis",2360,1.009031163
"Al-Khalis",2361,1.009031163
"Al-Khalis",2362,1.009031163
"Al-Khalis",2363,1.009031163
"Al-Khalis",2364,1.009031163
"Al-Khalis",2365,1.009031163
"Al-Khalis",2366,1.009031163
"Al-Khalis",2367,1.009031163
"Al-Khalis",2368,1.009031163
"Al-Khalis",2369,1.009031163
"Al-Khalis",2370,1.009031163
"Al-Khalis",2371,1.009031163
"Al-Khalis",2372,1.009031163
"Al-Khalis",2373,1.009031163
"Al-Khalis",2374,1.009031163
"Al-Khalis",2375,1.009031163
"Al-Khalis",2376,1.009031163
"Al-Khalis",2377,1.009031163
"Al-Khalis",2378,1.009031163
"Al-Khalis",2379,1.009031163
"Al-Khalis",2380,1.009031163
"Al-Khalis",2381,1.009031163
"Al-Khalis",2382,1.009031163
"Al-Khalis",2383,1.009031163
"Al-Khalis",2384,1.009031163
"Al-Khalis",2385,1.009031163
"Al-Khalis",2386,1.009031163
"Al-Khalis",2387,1.009031163
"Al-Khalis",2388,1.009031163
"Al-Khalis",2389,1.009031163
"Al-Khalis",2390,1.009031163
"Al-Khalis",2391,1.009031163
"Al-Khalis",2392,0.976354126
"Al-Khalis",2393,0.976354126
"Al-Khalis",2394,0.976354126
"Al-Khalis",2395,0.976354126
"Al-Khalis",2396,0.976354126
"Al-Khalis",2397,0.976354126
"Al-Khalis",2398,0.976354126
"Al-Khalis",2399,0.976354126
"Al-Khalis",2400,0.976354126
"Al-Khalis",2401,0.976354126
"Al-Khalis",2402,0.976354126
"Al-Khalis",2403,0.976354126
"Al-Khalis",2404,0.976354126
"Al-Khalis",2405,0.976354126
"Al-Khalis",2406,0.976354126
"Al-Khalis",2407,0.976354126
"Al-Khalis",2408,0.976354126
"Al-Khalis",2409,0.976354126
"Al-Khalis",2410,0.976354126
"Al-Khalis",2411,0.976354126
"Al-Khalis",2412,0.976354126
"Al-Khalis",2413,0.976354126
"Al-Khalis",2414,0.976354126
"Al-Khalis",2415,0.976354126
"Al-Khalis",2416,0.976354126
"Al-Khalis",2417,0.976354126
"Al-Khalis",2418,0.976354126
"Al-Khalis",2419,0.976354126
"Al-Khalis",2420,0.976354126
"Al-Khalis",2421,0.976354126
"Al-Khalis",2422,0.976354126
"Al-Khalis",2423,0.976354126
"Al-Khalis",2424,0.976354126
"Al-Khalis",2425,0.976354126
"Al-Khalis",2426,0.976354126
"Al-Khalis",2427,0.976354126
"Al-Khalis",2428,0.976354126
"Al-Khalis",2429,0.976354126
"Al-Khalis",2430,0.976354126
"Al-Khalis",2431,0.976354126
"Al-Khalis",2432,0.976354126
"Al-Khalis",2433,0.976354126
"Al-Khalis",2434,0.976354126
"Al-Khalis",2435,0.976354126
"Al-Khalis",2436,0.976354126
"Al-Khalis",2437,0.976354126
"Al-Khalis",2438,0.976354126
"Al-Khalis",2439,0.976354126
"Al-Khalis",2440,0.976354126
"Al-Khalis",2441,0.976354126
"Al-Khalis",2442,0.976354126
"Al-Khalis",2443,0.976354126
"Al-Khalis",2444,0.945727161
"Al-Khalis",2445,0.945727161
"Al-Khalis",2446,0.945727161
"Al-Khalis",2447,0.945727161
"Al-Khalis",2448,0.945727161
"Al-Khalis",2449,0.945727161
"Al-Khalis",2450,0.945727161
"Al-Khalis",2451,0.945727161
"Al-Khalis",2452,0.945727161
"Al-Khalis",2453,1.891454322
"Al-Khalis",2454,1.891454322
"Al-Khalis",2455,1.891454322
"Al-Khalis",2456,1.891454322
"Al-Khalis",2457,1.891454322
"Al-Khalis",2458,1.891454322
"Al-Khalis",2459,1.891454322
"Al-Khalis",2460,1.891454322
"Al-Khalis",2461,1.891454322
"Al-Khalis",2462,1.891454322
"Al-Khalis",2463,1.891454322
"Al-Khalis",2464,1.891454322
"Al-Khalis",2465,1.891454322
"Al-Khalis",2466,1.891454322
"Al-Khalis",2467,1.891454322
"Al-Khalis",2468,1.891454322
"Al-Khalis",2469,1.891454322
"Al-Khalis",2470,1.891454322
"Al-Khalis",2471,1.891454322
"Al-Khalis",2472,1.891454322
"Al-Khalis",2473,1.891454322
"Al-Khalis",2474,1.891454322
"Al-Khalis",2475,1.891454322
"Al-Khalis",2476,1.891454322
"Al-Khalis",2477,1.891454322
"Al-Khalis",2478,1.891454322
"Al-Khalis",2479,1.891454322
"Al-Khalis",2480,1.891454322
"Al-Khalis",2481,1.891454322
"Al-Khalis",2482,1.891454322
"Al-Khalis",2483,0.945727161
"Al-Khalis",2484,0.945727161
"Al-Khalis",2485,0.945727161
"Al-Khalis",2486,0.945727161
"Al-Khalis",2487,0.945727161
"Al-Khalis",2488,0.945727161
"Al-Khalis",2489,0.945727161
"Al-Khalis",2490,0.945727161
"Al-Khalis",2491,0.945727161
"Al-Mahawil",2293,5.697906259
"Al-Mahawil",2294,5.697906259
"Al-Mahawil",2295,5.697906259
"Al-Mahawil",2296,5.697906259
"Al-Mahawil",2297,5.697906259
"Al-Mahawil",2298,5.697906259
"Al-Mahawil",2299,5.697906259
"Al-Mahawil",2300,5.697906259
"Al-Mahawil",2301,5.697906259
"Al-Mahawil",2302,5.697906259
"Al-Mahawil",2303,5.697906259
"Al-Mahawil",2304,5.697906259
"Al-Mahawil",2305,5.697906259
"Al-Mahawil",2306,5.697906259
"Al-Mahawil",2307,5.697906259
"Al-Mahawil",2308,5.697906259
"Al-Mahawil",2309,5.697906259
"Al-Mahawil",2310,5.697906259
"Al-Mahawil",2311,5.697906259
"Al-Mahawil",2312,5.697906259
"Al-Mahawil",2313,5.697906259
"Al-Mahawil",2314,3.939670254
"Al-Mahawil",2315,3.939670254
"Al-Mahawil",2316,3.939670254
"Al-Mahawil",2317,3.939670254
"Al-Mahawil",2318,3.939670254
"Al-Mahawil",2319,3.939670254
"Al-Mahawil",2320,3.939670254
"Al-Mahawil",2321,3.939670254
"Al-Mahawil",2322,3.939670254
"Al-Mahawil",2323,3.939670254
"Al-Mahawil",2324,3.939670254
"Al-Mahawil",2325,3.939670254
"Al-Mahawil",2326,3.939670254
"Al-Mahawil",2327,3.939670254
"Al-Mahawil",2328,3.939670254
"Al-Mahawil",2329,3.939670254
"Al-Mahawil",2330,3.939670254
"Al-Mahawil",2331,3.939670254
"Al-Mahawil",2332,3.939670254
"Al-Mahawil",2333,3.939670254
"Al-Mahawil",2334,3.939670254
"Al-Mahawil",2335,3.939670254
"Al-Mahawil",2336,3.939670254
"Al-Mahawil",2337,3.939670254
"Al-Mahawil",2338,3.939670254
"Al-Mahawil",2339,3.939670254
"Al-Mahawil",2340,3.766769005
"Al-Mahawil",2341,3.766769005
"Al-Mahawil",2342,3.766769005
"Al-Mahawil",2343,3.766769005
"Al-Mahawil",2344,3.766769005
"Al-Mahawil",2345,5.230928386
"Al-Mahawil",2346,5.230928386
"Al-Mahawil",2347,5.230928386
"Al-Mahawil",2348,5.230928386
"Al-Mahawil",2349,4.651104585
"Al-Mahawil",2350,4.651104585
"Al-Mahawil",2351,4.651104585
"Al-Mahawil",2352,4.651104585
"Al-Mahawil",2353,4.651104585
"Al-Mahawil",2354,4.651104585
"Al-Mahawil",2355,4.651104585
"Al-Mahawil",2356,4.651104585
"Al-Mahawil",2357,4.651104585
"Al-Mahawil",2358,4.651104585
"Al-Mahawil",2359,4.651104585
"Al-Mahawil",2360,4.651104585
"Al-Mahawil",2361,4.651104585
"Al-Mahawil",2362,4.651104585
"Al-Mahawil",2363,4.651104585
"Al-Mahawil",2364,4.651104585
"Al-Mahawil",2365,4.651104585
"Al-Mahawil",2366,4.651104585
"Al-Mahawil",2367,4.651104585
"Al-Mahawil",2368,4.651104585
"Al-Mahawil",2369,4.651104585
"Al-Mahawil",2370,4.651104585
"Al-Mahawil",2371,4.651104585
"Al-Mahawil",2372,4.651104585
"Al-Mahawil",2373,4.651104585
"Al-Mahawil",2374,4.651104585
"Al-Mahawil",2375,4.651104585
"Al-Mahawil",2376,4.651104585
"Al-Mahawil",2377,4.651104585
"Al-Mahawil",2378,4.651104585
"Al-Mahawil",2379,4.651104585
"Al-Mahawil",2380,4.651104585
"Al-Mahawil",2381,4.651104585
"Al-Mahawil",2382,4.651104585
"Al-Mahawil",2383,4.651104585
"Al-Mahawil",2384,4.651104585
"Al-Mahawil",2385,4.651104585
"Al-Mahawil",2386,4.651104585
"Al-Mahawil",2387,4.651104585
"Al-Mahawil",2388,5.70646733
"Al-Mahawil",2389,5.70646733
"Al-Mahawil",2390,5.70646733
"Al-Mahawil",2391,5.70646733
"Al-Mahawil",2392,2.43283522
"Al-Mahawil",2393,2.43283522
"Al-Mahawil",2394,2.43283522
"Al-Mahawil",2395,2.43283522
"Al-Mahawil",2396,2.43283522
"Al-Mahawil",2397,2.43283522
"Al-Mahawil",2398,2.43283522
"Al-Mahawil",2399,2.43283522
"Al-Mahawil",2400,2.43283522
"Al-Mahawil",2401,2.43283522
"Al-Mahawil",2402,2.43283522
"Al-Mahawil",2403,2.43283522
"Al-Mahawil",2404,2.43283522
"Al-Mahawil",2405,2.43283522
"Al-Mahawil",2406,2.43283522
"Al-Mahawil",2407,2.43283522
"Al-Mahawil",2408,2.43283522
"Al-Mahawil",2409,2.43283522
"Al-Mahawil",2410,2.43283522
"Al-Mahawil",2411,2.43283522
"Al-Mahawil",2412,2.43283522
"Al-Mahawil",2413,2.43283522
"Al-Mahawil",2414,2.43283522
"Al-Mahawil",2415,2.43283522
"Al-Mahawil",2416,2.43283522
"Al-Mahawil",2417,2.43283522
"Al-Mahawil",2418,2.43283522
"Al-Mahawil",2419,2.43283522
"Al-Mahawil",2420,2.43283522
"Al-Mahawil",2421,2.43283522
"Al-Mahawil",2422,2.43283522
"Al-Mahawil",2423,2.43283522
"Al-Mahawil",2424,2.43283522
"Al-Mahawil",2425,2.43283522
"Al-Mahawil",2426,2.43283522
"Al-Mahawil",2427,2.43283522
"Al-Mahawil",2428,2.43283522
"Al-Mahawil",2429,2.43283522
"Al-Mahawil",2430,2.43283522
"Al-Mahawil",2431,2.43283522
"Al-Mahawil",2432,2.43283522
"Al-Mahawil",2433,2.43283522
"Al-Mahawil",2434,2.43283522
"Al-Mahawil",2435,2.43283522
"Al-Mahawil",2436,2.827566762
"Al-Mahawil",2437,2.827566762
"Al-Mahawil",2438,2.827566762
"Al-Mahawil",2439,2.827566762
"Al-Mahawil",2440,2.827566762
"Al-Mahawil",2441,2.827566762
"Al-Mahawil",2442,2.827566762
"Al-Mahawil",2443,2.827566762
"Al-Mahawil",2444,2.733517125
"Al-Mahawil",2445,2.733517125
"Al-Mahawil",2446,2.733517125
"Al-Mahawil",2447,2.733517125
"Al-Mahawil",2448,2.733517125
"Al-Mahawil",2449,1.366758563
"Al-Mahawil",2450,1.366758563
"Al-Mahawil",2451,1.366758563
"Al-Mahawil",2452,1.366758563
"Al-Mahawil",2453,1.366758563
"Al-Mahawil",2454,1.366758563
"Al-Mahawil",2455,1.366758563
"Al-Mahawil",2456,1.366758563
"Al-Mahawil",2457,1.366758563
"Al-Mahawil",2458,1.366758563
"Al-Mahawil",2459,1.366758563
"Al-Mahawil",2460,1.366758563
"Al-Mahawil",2461,1.366758563
"Al-Mahawil",2462,1.366758563
"Al-Mahawil",2463,1.366758563
"Al-Mahawil",2464,1.366758563
"Al-Mahawil",2465,1.366758563
"Al-Mahawil",2466,2.733517125
"Al-Mahawil",2467,2.733517125
"Al-Mahawil",2468,2.733517125
"Al-Mahawil",2469,2.733517125
"Al-Mahawil",2470,2.733517125
"Al-Mahawil",2471,2.733517125
"Al-Mahawil",2472,2.733517125
"Al-Mahawil",2473,2.733517125
"Al-Mahawil",2474,2.733517125
"Al-Mahawil",2475,2.733517125
"Al-Mahawil",2476,2.733517125
"Al-Mahawil",2477,2.733517125
"Al-Mahawil",2478,2.733517125
"Al-Mahawil",2479,2.733517125
"Al-Mahawil",2480,2.733517125
"Al-Mahawil",2481,2.733517125
"Al-Mahawil",2482,2.733517125
"Al-Mahawil",2483,2.733517125
"Al-Mahawil",2484,2.733517125
"Al-Mahawil",2485,2.733517125
"Al-Mahawil",2486,2.733517125
"Al-Mahawil",2487,2.733517125
"Al-Mahawil",2488,2.733517125
"Al-Mahawil",2489,2.733517125
"Al-Mahawil",2490,2.733517125
"Al-Mahawil",2491,2.733517125
"Al-Mahawil",2492,2.733517125
"Al-Mahawil",2493,2.733517125
"Al-Mahawil",2494,2.733517125
"Al-Mahawil",2495,2.733517125
"Al-Mahawil",2496,2.645522585
"Al-Mahawil",2497,2.645522585
"Al-Mahawil",2498,2.645522585
"Al-Mahawil",2499,2.645522585
"Al-Mahawil",2500,2.645522585
"Al-Mahawil",2501,2.645522585
"Al-Mahawil",2502,2.645522585
"Al-Mahawil",2503,2.645522585
"Al-Mahawil",2504,2.645522585
"Al-Mahawil",2505,2.645522585
"Al-Mahawil",2506,2.645522585
"Al-Mahawil",2507,2.645522585
"Al-Mahawil",2508,2.645522585
"Al-Mahawil",2509,2.645522585
"Al-Mahawil",2510,2.645522585
"Al-Mahawil",2511,2.645522585
"Al-Mahawil",2512,2.645522585
"Al-Mahawil",2513,2.645522585
"Al-Mahawil",2514,2.645522585
"Al-Mahawil",2515,2.645522585
"Al-Mahawil",2516,2.645522585
"Al-Mahawil",2517,2.645522585
"Al-Mahawil",2518,2.645522585
"Al-Mahawil",2519,2.645522585
"Al-Mahawil",2520,2.645522585
"Al-Mahawil",2521,2.645522585
"Al-Mahawil",2522,2.645522585
"Al-Mahawil",2523,2.645522585
"Al-Mahawil",2524,2.645522585
"Al-Mahawil",2525,2.645522585
"Al-Mahawil",2526,2.645522585
"Al-Mahawil",2527,2.645522585
"Al-Mahawil",2528,2.645522585
"Al-Mahawil",2529,2.645522585
"Al-Mahawil",2530,2.645522585
"Al-Mahawil",2531,2.645522585
"Al-Mahawil",2532,2.645522585
"Al-Mahawil",2533,2.645522585
"Al-Mahawil",2534,2.645522585
"Al-Mahawil",2535,2.645522585
"Al-Mahawil",2536,2.645522585
"Al-Mahawil",2537,2.645522585
"Al-Mahawil",2538,2.645522585
"Al-Mahawil",2539,2.645522585
"Al-Muqdadiya",2293,5.525544207
"Al-Muqdadiya",2294,5.525544207
"Al-Muqdadiya",2295,5.525544207
"Al-Muqdadiya",2296,5.525544207
"Al-Muqdadiya",2297,11.05108841
"Al-Muqdadiya",2298,11.05108841
"Al-Muqdadiya",2299,11.05108841
"Al-Muqdadiya",2300,11.05108841
"Al-Muqdadiya",2301,5.525544207
"Al-Muqdadiya",2302,5.525544207
"Al-Muqdadiya",2303,5.525544207
"Al-Muqdadiya",2304,5.525544207
"Al-Muqdadiya",2305,5.525544207
"Al-Muqdadiya",2306,5.525544207
"Al-Muqdadiya",2307,5.525544207
"Al-Muqdadiya",2308,5.525544207
"Al-Muqdadiya",2309,5.525544207
"Al-Muqdadiya",2310,5.525544207
"Al-Muqdadiya",2311,5.525544207
"Al-Muqdadiya",2312,5.525544207
"Al-Muqdadiya",2313,5.525544207
"Al-Muqdadiya",2314,5.525544207
"Al-Muqdadiya",2315,5.525544207
"Al-Muqdadiya",2316,5.525544207
"Al-Muqdadiya",2317,5.525544207
"Al-Muqdadiya",2318,5.525544207
"Al-Muqdadiya",2319,2.762772103
"Al-Muqdadiya",2320,2.762772103
"Al-Muqdadiya",2321,2.762772103
"Al-Muqdadiya",2322,2.762772103
"Al-Muqdadiya",2323,5.525544207
"Al-Muqdadiya",2324,5.525544207
"Al-Muqdadiya",2325,5.525544207
"Al-Muqdadiya",2326,5.525544207
"Al-Muqdadiya",2327,5.525544207
"Al-Muqdadiya",2328,5.525544207
"Al-Muqdadiya",2329,5.525544207
"Al-Muqdadiya",2330,5.525544207
"Al-Muqdadiya",2331,5.525544207
"Al-Muqdadiya",2332,2.762772103
"Al-Muqdadiya",2333,2.762772103
"Al-Muqdadiya",2334,2.762772103
"Al-Muqdadiya",2335,2.762772103
"Al-Muqdadiya",2336,2.762772103
"Al-Muqdadiya",2337,2.762772103
"Al-Muqdadiya",2338,2.762772103
"Al-Muqdadiya",2339,2.762772103
"Al-Muqdadiya",2340,5.180591651
"Al-Muqdadiya",2341,5.180591651
"Al-Muqdadiya",2342,5.180591651
"Al-Muqdadiya",2343,5.180591651
"Al-Muqdadiya",2344,5.180591651
"Al-Muqdadiya",2345,6.475739564
"Al-Muqdadiya",2346,6.475739564
"Al-Muqdadiya",2347,6.475739564
"Al-Muqdadiya",2348,6.475739564
"Al-Muqdadiya",2349,9.066035389
"Al-Muqdadiya",2350,9.066035389
"Al-Muqdadiya",2351,9.066035389
"Al-Muqdadiya",2352,9.066035389
"Al-Muqdadiya",2353,9.066035389
"Al-Muqdadiya",2354,9.066035389
"Al-Muqdadiya",2355,9.066035389
"Al-Muqdadiya",2356,9.066035389
"Al-Muqdadiya",2357,9.066035389
"Al-Muqdadiya",2358,9.066035389
"Al-Muqdadiya",2359,9.066035389
"Al-Muqdadiya",2360,9.066035389
"Al-Muqdadiya",2361,9.066035389
"Al-Muqdadiya",2362,7.770887477
"Al-Muqdadiya",2363,7.770887477
"Al-Muqdadiya",2364,7.770887477
"Al-Muqdadiya",2365,7.770887477
"Al-Muqdadiya",2366,7.770887477
"Al-Muqdadiya",2367,7.770887477
"Al-Muqdadiya",2368,7.770887477
"Al-Muqdadiya",2369,7.770887477
"Al-Muqdadiya",2370,7.770887477
"Al-Muqdadiya",2371,7.770887477
"Al-Muqdadiya",2372,7.770887477
"Al-Muqdadiya",2373,7.770887477
"Al-Muqdadiya",2374,7.770887477
"Al-Muqdadiya",2375,7.770887477
"Al-Muqdadiya",2376,7.770887477
"Al-Muqdadiya",2377,7.770887477
"Al-Muqdadiya",2378,7.770887477
"Al-Muqdadiya",2379,7.770887477
"Al-Muqdadiya",2380,7.770887477
"Al-Muqdadiya",2381,7.770887477
"Al-Muqdadiya",2382,7.770887477
"Al-Muqdadiya",2383,7.770887477
"Al-Muqdadiya",2384,7.770887477
"Al-Muqdadiya",2385,7.770887477
"Al-Muqdadiya",2386,7.770887477
"Al-Muqdadiya",2387,7.770887477
"Al-Muqdadiya",2388,7.770887477
"Al-Muqdadiya",2389,7.770887477
"Al-Muqdadiya",2390,7.770887477
"Al-Muqdadiya",2391,7.770887477
"Al-Muqdadiya",2392,1.25375712
"Al-Muqdadiya",2393,1.25375712
"Al-Muqdadiya",2394,1.25375712
"Al-Muqdadiya",2395,1.25375712
"Al-Muqdadiya",2396,1.25375712
"Al-Muqdadiya",2397,1.25375712
"Al-Muqdadiya",2398,1.25375712
"Al-Muqdadiya",2399,1.25375712
"Al-Muqdadiya",2400,1.25375712
"Al-Muqdadiya",2401,1.25375712
"Al-Muqdadiya",2402,1.25375712
"Al-Muqdadiya",2403,1.25375712
"Al-Muqdadiya",2404,1.25375712
"Al-Muqdadiya",2405,1.25375712
"Al-Muqdadiya",2406,1.25375712
"Al-Muqdadiya",2407,1.25375712
"Al-Muqdadiya",2408,1.25375712
"Al-Muqdadiya",2409,1.25375712
"Al-Muqdadiya",2410,1.25375712
"Al-Muqdadiya",2411,1.25375712
"Al-Muqdadiya",2412,1.25375712
"Al-Muqdadiya",2413,1.25375712
"Al-Muqdadiya",2414,1.25375712
"Al-Muqdadiya",2415,1.25375712
"Al-Muqdadiya",2416,1.25375712
"Al-Muqdadiya",2417,1.25375712
"Al-Muqdadiya",2418,1.25375712
"Al-Muqdadiya",2419,1.25375712
"Al-Muqdadiya",2420,1.25375712
"Al-Muqdadiya",2421,1.25375712
"Al-Muqdadiya",2422,1.25375712
"Al-Muqdadiya",2423,1.25375712
"Al-Muqdadiya",2424,1.25375712
"Al-Muqdadiya",2425,1.25375712
"Al-Muqdadiya",2426,1.25375712
"Al-Muqdadiya",2427,1.25375712
"Al-Muqdadiya",2428,1.25375712
"Al-Muqdadiya",2429,1.25375712
"Al-Muqdadiya",2430,1.25375712
"Al-Muqdadiya",2431,3.030604959
"Al-Muqdadiya",2432,3.030604959
"Al-Muqdadiya",2433,3.030604959
"Al-Muqdadiya",2434,3.030604959
"Al-Muqdadiya",2435,3.030604959
"Al-Muqdadiya",2436,2.142181039
"Al-Muqdadiya",2437,2.142181039
"Al-Muqdadiya",2438,2.142181039
"Al-Muqdadiya",2439,2.142181039
"Al-Muqdadiya",2440,2.142181039
"Al-Muqdadiya",2441,2.142181039
"Al-Muqdadiya",2442,2.142181039
"Al-Muqdadiya",2443,2.142181039
"Al-Muqdadiya",2444,2.075840595
"Al-Muqdadiya",2445,2.075840595
"Al-Muqdadiya",2446,2.075840595
"Al-Muqdadiya",2447,2.075840595
"Al-Muqdadiya",2448,2.075840595
"Al-Muqdadiya",2449,2.075840595
"Al-Muqdadiya",2450,2.075840595
"Al-Muqdadiya",2451,2.075840595
"Al-Muqdadiya",2452,2.075840595
"Al-Muqdadiya",2453,3.713179979
"Al-Muqdadiya",2454,3.713179979
"Al-Muqdadiya",2455,3.713179979
"Al-Muqdadiya",2456,3.713179979
"Al-Muqdadiya",2457,5.13328023
"Al-Muqdadiya",2458,5.13328023
"Al-Muqdadiya",2459,5.13328023
"Al-Muqdadiya",2460,5.13328023
"Al-Muqdadiya",2461,5.13328023
"Al-Muqdadiya",2462,5.13328023
"Al-Muqdadiya",2463,5.13328023
"Al-Muqdadiya",2464,5.13328023
"Al-Muqdadiya",2465,5.13328023
"Al-Muqdadiya",2466,5.13328023
"Al-Muqdadiya",2467,5.13328023
"Al-Muqdadiya",2468,5.13328023
"Al-Muqdadiya",2469,5.13328023
"Al-Muqdadiya",2470,5.13328023
"Al-Muqdadiya",2471,5.13328023
"Al-Muqdadiya",2472,5.13328023
"Al-Muqdadiya",2473,5.13328023
"Al-Muqdadiya",2474,5.13328023
"Al-Muqdadiya",2475,5.13328023
"Al-Muqdadiya",2476,5.13328023
"Al-Muqdadiya",2477,5.13328023
"Al-Muqdadiya",2478,5.13328023
"Al-Muqdadiya",2479,5.145349071
"Al-Muqdadiya",2480,5.145349071
"Al-Muqdadiya",2481,5.145349071
"Al-Muqdadiya",2482,5.145349071
"Al-Muqdadiya",2483,6.348210191
"Al-Muqdadiya",2484,6.348210191
"Al-Muqdadiya",2485,6.348210191
"Al-Muqdadiya",2486,6.348210191
"Al-Muqdadiya",2487,6.348210191
"Al-Muqdadiya",2488,4.916041098
"Al-Muqdadiya",2489,4.916041098
"Al-Muqdadiya",2490,4.916041098
"Al-Muqdadiya",2491,4.916041098
"Al-Muqdadiya",2492,5.680401007
"Al-Muqdadiya",2493,5.680401007
"Al-Muqdadiya",2494,5.680401007
"Al-Muqdadiya",2495,5.680401007
"Al-Muqdadiya",2496,8.377817319
"Al-Muqdadiya",2497,8.377817319
"Al-Muqdadiya",2498,8.377817319
"Al-Muqdadiya",2499,8.377817319
"Al-Muqdadiya",2500,8.377817319
"Al-Muqdadiya",2501,6.887213586
"Al-Muqdadiya",2502,6.887213586
"Al-Muqdadiya",2503,6.887213586
"Al-Muqdadiya",2504,6.887213586
"Al-Muqdadiya",2505,8.276362615
"Al-Muqdadiya",2506,8.276362615
"Al-Muqdadiya",2507,8.276362615
"Al-Muqdadiya",2508,8.276362615
"Al-Muqdadiya",2509,6.887213586
"Al-Muqdadiya",2510,6.887213586
"Al-Muqdadiya",2511,6.887213586
"Al-Muqdadiya",2512,6.887213586
"Al-Muqdadiya",2513,6.887213586
"Al-Muqdadiya",2514,6.887213586
"Al-Muqdadiya",2515,6.887213586
"Al-Muqdadiya",2516,6.887213586
"Al-Muqdadiya",2517,6.887213586
"Al-Muqdadiya",2518,6.887213586
"Al-Muqdadiya",2519,6.887213586
"Al-Muqdadiya",2520,6.887213586
"Al-Muqdadiya",2521,6.887213586
"Al-Muqdadiya",2522,2.754885434
"Al-Muqdadiya",2523,2.754885434
"Al-Muqdadiya",2524,2.754885434
"Al-Muqdadiya",2525,2.754885434
"Al-Muqdadiya",2526,2.754885434
"Al-Muqdadiya",2527,2.754885434
"Al-Muqdadiya",2528,2.754885434
"Al-Muqdadiya",2529,2.754885434
"Al-Muqdadiya",2530,2.754885434
"Al-Muqdadiya",2531,2.754885434
"Al-Muqdadiya",2532,2.754885434
"Al-Muqdadiya",2533,2.754885434
"Al-Muqdadiya",2534,2.754885434
"Al-Muqdadiya",2535,2.754885434
"Al-Muqdadiya",2536,2.754885434
"Al-Muqdadiya",2537,2.754885434
"Al-Muqdadiya",2538,2.754885434
"Al-Muqdadiya",2539,2.754885434
"Al-Musayab",2293,2.006327905
"Al-Musayab",2294,2.006327905
"Al-Musayab",2295,2.006327905
"Al-Musayab",2296,2.006327905
"Al-Musayab",2297,2.006327905
"Al-Musayab",2298,2.006327905
"Al-Musayab",2299,2.006327905
"Al-Musayab",2300,2.006327905
"Al-Musayab",2301,2.006327905
"Al-Musayab",2302,2.006327905
"Al-Musayab",2303,2.006327905
"Al-Musayab",2304,2.006327905
"Al-Musayab",2305,2.006327905
"Al-Musayab",2306,2.006327905
"Al-Musayab",2307,2.006327905
"Al-Musayab",2308,2.006327905
"Al-Musayab",2309,2.006327905
"Al-Musayab",2310,2.006327905
"Al-Musayab",2311,2.006327905
"Al-Musayab",2312,2.006327905
"Al-Musayab",2313,2.006327905
"Al-Musayab",2314,2.999526653
"Al-Musayab",2315,2.999526653
"Al-Musayab",2316,2.999526653
"Al-Musayab",2317,2.999526653
"Al-Musayab",2318,2.999526653
"Al-Musayab",2319,2.999526653
"Al-Musayab",2320,2.999526653
"Al-Musayab",2321,2.999526653
"Al-Musayab",2322,2.999526653
"Al-Musayab",2323,2.999526653
"Al-Musayab",2324,2.999526653
"Al-Musayab",2325,2.999526653
"Al-Musayab",2326,2.999526653
"Al-Musayab",2327,2.999526653
"Al-Musayab",2328,4.3348641
"Al-Musayab",2329,4.3348641
"Al-Musayab",2330,4.3348641
"Al-Musayab",2331,4.3348641
"Al-Musayab",2332,2.999526653
"Al-Musayab",2333,2.999526653
"Al-Musayab",2334,2.999526653
"Al-Musayab",2335,2.999526653
"Al-Musayab",2336,2.999526653
"Al-Musayab",2337,2.999526653
"Al-Musayab",2338,2.999526653
"Al-Musayab",2339,2.999526653
"Al-Musayab",2340,2.871863372
"Al-Musayab",2341,2.871863372
"Al-Musayab",2342,2.871863372
"Al-Musayab",2343,2.871863372
"Al-Musayab",2344,2.871863372
"Al-Musayab",2345,3.988169068
"Al-Musayab",2346,3.988169068
"Al-Musayab",2347,3.988169068
"Al-Musayab",2348,3.988169068
"Al-Musayab",2349,1.116305696
"Al-Musayab",2350,1.116305696
"Al-Musayab",2351,1.116305696
"Al-Musayab",2352,1.116305696
"Al-Musayab",2353,1.116305696
"Al-Musayab",2354,1.116305696
"Al-Musayab",2355,1.116305696
"Al-Musayab",2356,1.116305696
"Al-Musayab",2357,1.116305696
"Al-Musayab",2358,1.116305696
"Al-Musayab",2359,1.116305696
"Al-Musayab",2360,1.116305696
"Al-Musayab",2361,1.116305696
"Al-Musayab",2362,1.116305696
"Al-Musayab",2363,1.116305696
"Al-Musayab",2364,1.116305696
"Al-Musayab",2365,1.116305696
"Al-Musayab",2366,1.116305696
"Al-Musayab",2367,1.116305696
"Al-Musayab",2368,1.116305696
"Al-Musayab",2369,1.116305696
"Al-Musayab",2370,1.116305696
"Al-Musayab",2371,1.116305696
"Al-Musayab",2372,1.116305696
"Al-Musayab",2373,1.116305696
"Al-Musayab",2374,1.116305696
"Al-Musayab",2375,1.116305696
"Al-Musayab",2376,1.116305696
"Al-Musayab",2377,1.116305696
"Al-Musayab",2378,1.116305696
"Al-Musayab",2379,1.116305696
"Al-Musayab",2380,1.116305696
"Al-Musayab",2381,1.116305696
"Al-Musayab",2382,1.116305696
"Al-Musayab",2383,1.116305696
"Al-Musayab",2384,1.116305696
"Al-Musayab",2385,1.116305696
"Al-Musayab",2386,1.116305696
"Al-Musayab",2387,1.116305696
"Al-Musayab",2388,3.193079541
"Al-Musayab",2389,3.193079541
"Al-Musayab",2390,3.193079541
"Al-Musayab",2391,3.193079541
"Al-Musayab",2392,0.928585045
"Al-Musayab",2393,0.928585045
"Al-Musayab",2394,0.928585045
"Al-Musayab",2395,0.928585045
"Al-Musayab",2396,0.928585045
"Al-Musayab",2397,0.928585045
"Al-Musayab",2398,0.928585045
"Al-Musayab",2399,0.928585045
"Al-Musayab",2400,0.928585045
"Al-Musayab",2401,0.928585045
"Al-Musayab",2402,0.928585045
"Al-Musayab",2403,0.928585045
"Al-Musayab",2404,0.928585045
"Al-Musayab",2405,0.928585045
"Al-Musayab",2406,0.928585045
"Al-Musayab",2407,0.928585045
"Al-Musayab",2408,0.928585045
"Al-Musayab",2409,0.928585045
"Al-Musayab",2410,0.928585045
"Al-Musayab",2411,0.928585045
"Al-Musayab",2412,0.928585045
"Al-Musayab",2413,0.928585045
"Al-Musayab",2414,0.928585045
"Al-Musayab",2415,0.928585045
"Al-Musayab",2416,0.928585045
"Al-Musayab",2417,0.928585045
"Al-Musayab",2418,0.928585045
"Al-Musayab",2419,0.928585045
"Al-Musayab",2420,0.928585045
"Al-Musayab",2421,0.928585045
"Al-Musayab",2422,0.928585045
"Al-Musayab",2423,0.928585045
"Al-Musayab",2424,0.928585045
"Al-Musayab",2425,0.928585045
"Al-Musayab",2426,0.928585045
"Al-Musayab",2427,0.928585045
"Al-Musayab",2428,0.928585045
"Al-Musayab",2429,0.928585045
"Al-Musayab",2430,0.928585045
"Al-Musayab",2431,0.928585045
"Al-Musayab",2432,0.928585045
"Al-Musayab",2433,0.928585045
"Al-Musayab",2434,0.928585045
"Al-Musayab",2435,0.928585045
"Al-Musayab",2436,2.158499013
"Al-Musayab",2437,2.158499013
"Al-Musayab",2438,2.158499013
"Al-Musayab",2439,2.158499013
"Al-Musayab",2440,2.158499013
"Al-Musayab",2441,2.158499013
"Al-Musayab",2442,2.158499013
"Al-Musayab",2443,2.158499013
"Al-Musayab",2444,2.089148925
"Al-Musayab",2445,2.089148925
"Al-Musayab",2446,2.089148925
"Al-Musayab",2447,2.089148925
"Al-Musayab",2448,2.089148925
"Al-Musayab",2449,2.089148925
"Al-Musayab",2450,2.089148925
"Al-Musayab",2451,2.089148925
"Al-Musayab",2452,2.089148925
"Al-Musayab",2453,2.089148925
"Al-Musayab",2454,2.089148925
"Al-Musayab",2455,2.089148925
"Al-Musayab",2456,2.089148925
"Al-Musayab",2457,2.089148925
"Al-Musayab",2458,2.089148925
"Al-Musayab",2459,2.089148925
"Al-Musayab",2460,2.089148925
"Al-Musayab",2461,2.089148925
"Al-Musayab",2462,2.089148925
"Al-Musayab",2463,2.089148925
"Al-Musayab",2464,2.089148925
"Al-Musayab",2465,2.089148925
"Al-Musayab",2466,2.089148925
"Al-Musayab",2467,2.089148925
"Al-Musayab",2468,2.089148925
"Al-Musayab",2469,2.089148925
"Al-Musayab",2470,2.089148925
"Al-Musayab",2471,2.089148925
"Al-Musayab",2472,2.089148925
"Al-Musayab",2473,2.089148925
"Al-Musayab",2474,2.089148925
"Al-Musayab",2475,2.089148925
"Al-Musayab",2476,2.089148925
"Al-Musayab",2477,2.089148925
"Al-Musayab",2478,2.089148925
"Al-Musayab",2479,2.089148925
"Al-Musayab",2480,2.089148925
"Al-Musayab",2481,2.089148925
"Al-Musayab",2482,2.089148925
"Al-Musayab",2483,2.089148925
"Al-Musayab",2484,2.089148925
"Al-Musayab",2485,2.089148925
"Al-Musayab",2486,2.089148925
"Al-Musayab",2487,2.089148925
"Al-Musayab",2488,2.089148925
"Al-Musayab",2489,2.089148925
"Al-Musayab",2490,2.089148925
"Al-Musayab",2491,2.089148925
"Al-Musayab",2492,1.797501354
"Al-Musayab",2493,1.797501354
"Al-Musayab",2494,1.797501354
"Al-Musayab",2495,1.797501354
"Al-Musayab",2496,1.74154744
"Al-Musayab",2497,1.74154744
"Al-Musayab",2498,1.74154744
"Al-Musayab",2499,1.74154744
"Al-Musayab",2500,1.74154744
"Al-Musayab",2501,0.87077372
"Al-Musayab",2502,0.87077372
"Al-Musayab",2503,0.87077372
"Al-Musayab",2504,0.87077372
"Al-Musayab",2505,1.74154744
"Al-Musayab",2506,1.74154744
"Al-Musayab",2507,1.74154744
"Al-Musayab",2508,1.74154744
"Al-Musayab",2509,1.74154744
"Al-Musayab",2510,1.74154744
"Al-Musayab",2511,1.74154744
"Al-Musayab",2512,1.74154744
"Al-Musayab",2513,1.74154744
"Al-Musayab",2514,1.74154744
"Al-Musayab",2515,1.74154744
"Al-Musayab",2516,1.74154744
"Al-Musayab",2517,1.74154744
"Al-Musayab",2518,1.74154744
"Al-Musayab",2519,1.74154744
"Al-Musayab",2520,1.74154744
"Al-Musayab",2521,1.74154744
"Al-Musayab",2522,1.74154744
"Al-Musayab",2523,1.74154744
"Al-Musayab",2524,1.74154744
"Al-Musayab",2525,1.74154744
"Al-Musayab",2526,1.74154744
"Al-Musayab",2527,1.74154744
"Al-Musayab",2528,1.74154744
"Al-Musayab",2529,1.74154744
"Al-Musayab",2530,1.74154744
"Al-Musayab",2531,1.74154744
"Al-Musayab",2532,1.74154744
"Al-Musayab",2533,1.74154744
"Al-Musayab",2534,1.74154744
"Al-Musayab",2535,1.74154744
"Al-Musayab",2536,1.74154744
"Al-Musayab",2537,1.74154744
"Al-Musayab",2538,1.74154744
"Al-Musayab",2539,1.74154744
"Al-Qurna",2293,2.368997985
"Al-Rutba",2293,48.0681074
"Al-Rutba",2294,48.0681074
"Al-Rutba",2295,48.0681074
"Al-Rutba",2296,48.0681074
"Al-Rutba",2297,48.0681074
"Al-Rutba",2298,48.0681074
"Al-Rutba",2299,48.0681074
"Al-Rutba",2300,48.0681074
"Al-Rutba",2301,48.0681074
"Al-Rutba",2302,48.0681074
"Al-Rutba",2303,48.0681074
"Al-Rutba",2304,48.0681074
"Al-Rutba",2305,48.0681074
"Al-Rutba",2306,48.0681074
"Al-Rutba",2307,48.0681074
"Al-Rutba",2308,48.0681074
"Al-Rutba",2309,48.0681074
"Al-Rutba",2310,48.0681074
"Al-Rutba",2311,48.0681074
"Al-Rutba",2312,48.0681074
"Al-Rutba",2313,48.0681074
"Al-Rutba",2314,48.0681074
"Al-Rutba",2315,48.0681074
"Al-Rutba",2316,48.0681074
"Al-Rutba",2317,48.0681074
"Al-Rutba",2318,48.0681074
"Al-Rutba",2319,48.0681074
"Al-Rutba",2320,48.0681074
"Al-Rutba",2321,48.0681074
"Al-Rutba",2322,48.0681074
"Al-Rutba",2323,62.34446627
"Al-Rutba",2324,62.34446627
"Al-Rutba",2325,62.34446627
"Al-Rutba",2326,62.34446627
"Al-Rutba",2327,62.34446627
"Al-Rutba",2328,14.27635887
"Al-Rutba",2329,14.27635887
"Al-Rutba",2330,14.27635887
"Al-Rutba",2331,14.27635887
"Al-Rutba",2349,27.30167818
"Al-Rutba",2350,27.30167818
"Al-Rutba",2351,27.30167818
"Al-Rutba",2352,27.30167818
"Al-Rutba",2353,27.30167818
"Al-Rutba",2354,27.30167818
"Al-Rutba",2355,27.30167818
"Al-Rutba",2356,27.30167818
"Al-Rutba",2357,27.30167818
"Al-Rutba",2358,27.30167818
"Al-Rutba",2359,27.30167818
"Al-Rutba",2360,27.30167818
"Al-Rutba",2361,27.30167818
"Al-Rutba",2362,27.30167818
"Al-Rutba",2363,27.30167818
"Al-Rutba",2364,27.30167818
"Al-Rutba",2365,27.30167818
"Al-Rutba",2366,59.61283859
"Al-Rutba",2367,59.61283859
"Al-Rutba",2368,59.61283859
"Al-Rutba",2369,59.61283859
"Al-Rutba",2370,59.61283859
"Al-Rutba",2371,59.61283859
"Al-Rutba",2372,59.61283859
"Al-Rutba",2373,59.61283859
"Al-Rutba",2374,59.61283859
"Al-Rutba",2375,59.61283859
"Al-Rutba",2376,59.61283859
"Al-Rutba",2377,59.61283859
"Al-Rutba",2378,59.61283859
"Al-Rutba",2379,59.61283859
"Al-Rutba",2380,59.61283859
"Al-Rutba",2381,59.61283859
"Al-Rutba",2382,59.61283859
"Al-Rutba",2383,59.61283859
"Al-Rutba",2384,32.31116041
"Al-Rutba",2385,32.31116041
"Al-Rutba",2386,32.31116041
"Al-Rutba",2387,32.31116041
"Al-Rutba",2388,32.31116041
"Al-Rutba",2389,32.31116041
"Al-Rutba",2390,32.31116041
"Al-Rutba",2391,32.31116041
"Al-Rutba",2392,57.43540241
"Al-Rutba",2393,57.43540241
"Al-Rutba",2394,57.43540241
"Al-Rutba",2395,57.43540241
"Al-Rutba",2396,57.43540241
"Al-Rutba",2397,57.43540241
"Al-Rutba",2398,57.43540241
"Al-Rutba",2399,57.43540241
"Al-Rutba",2400,57.43540241
"Al-Rutba",2401,26.304449
"Al-Rutba",2402,26.304449
"Al-Rutba",2403,26.304449
"Al-Rutba",2404,26.304449
"Al-Rutba",2414,13.1522245
"Al-Rutba",2415,13.1522245
"Al-Rutba",2416,13.1522245
"Al-Rutba",2417,13.1522245
"Al-Rutba",2418,13.1522245
"Al-Rutba",2419,13.1522245
"Al-Rutba",2420,13.1522245
"Al-Rutba",2421,13.1522245
"Al-Rutba",2422,13.1522245
"Al-Rutba",2423,13.1522245
"Al-Rutba",2424,13.1522245
"Al-Rutba",2425,13.1522245
"Al-Rutba",2426,13.1522245
"Al-Rutba",2427,13.1522245
"Al-Rutba",2428,13.1522245
"Al-Rutba",2429,13.1522245
"Al-Rutba",2430,13.1522245
"Al-Rutba",2436,75.84506921
"Al-Rutba",2437,75.84506921
"Al-Rutba",2438,75.84506921
"Al-Rutba",2439,75.84506921
"Al-Rutba",2440,75.84506921
"Al-Rutba",2441,75.84506921
"Al-Rutba",2442,75.84506921
"Al-Rutba",2443,75.84506921
"Al-Rutba",2444,73.17235415
"Al-Rutba",2445,73.17235415
"Al-Rutba",2446,73.17235415
"Al-Rutba",2447,73.17235415
"Al-Rutba",2448,73.17235415
"Al-Rutba",2449,73.17235415
"Al-Rutba",2450,73.17235415
"Al-Rutba",2451,73.17235415
"Al-Rutba",2452,73.17235415
"Al-Rutba",2453,73.17235415
"Al-Rutba",2454,73.17235415
"Al-Rutba",2455,73.17235415
"Al-Rutba",2456,73.17235415
"Al-Rutba",2457,30.03392536
"Al-Rutba",2458,30.03392536
"Al-Rutba",2459,30.03392536
"Al-Rutba",2460,30.03392536
"Al-Rutba",2461,30.03392536
"Al-Rutba",2462,30.03392536
"Al-Rutba",2463,30.03392536
"Al-Rutba",2464,30.03392536
"Al-Rutba",2465,30.03392536
"Al-Rutba",2466,30.03392536
"Al-Rutba",2467,30.03392536
"Al-Rutba",2468,30.03392536
"Al-Rutba",2469,30.03392536
"Al-Rutba",2470,30.03392536
"Al-Rutba",2471,30.03392536
"Al-Rutba",2472,30.03392536
"Al-Rutba",2473,30.03392536
"Al-Rutba",2474,30.03392536
"Al-Rutba",2475,30.03392536
"Al-Rutba",2476,30.03392536
"Al-Rutba",2477,30.03392536
"Al-Rutba",2478,30.03392536
"Al-Rutba",2479,30.03392536
"Al-Rutba",2480,30.03392536
"Al-Rutba",2481,30.03392536
"Al-Rutba",2482,30.03392536
"Al-Rutba",2483,30.03392536
"Al-Rutba",2484,30.03392536
"Al-Rutba",2485,30.03392536
"Al-Rutba",2486,30.03392536
"Al-Rutba",2487,30.03392536
"Al-Rutba",2488,20.08913723
"Al-Rutba",2489,20.08913723
"Al-Rutba",2490,20.08913723
"Al-Rutba",2491,20.08913723
"Al-Rutba",2492,20.08913723
"Al-Rutba",2493,20.08913723
"Al-Rutba",2494,20.08913723
"Al-Rutba",2495,20.08913723
"Al-Rutba",2496,19.40531076
"Al-Rutba",2497,19.40531076
"Al-Rutba",2498,19.40531076
"Al-Rutba",2499,19.40531076
"Al-Rutba",2500,19.40531076
"Al-Rutba",2501,9.702655379
"Al-Rutba",2502,9.702655379
"Al-Rutba",2503,9.702655379
"Al-Rutba",2504,9.702655379
"Al-Rutba",2505,19.40531076
"Al-Rutba",2506,19.40531076
"Al-Rutba",2507,19.40531076
"Al-Rutba",2508,19.40531076
"Al-Rutba",2518,24.51366243
"Al-Rutba",2519,24.51366243
"Al-Rutba",2520,24.51366243
"Al-Rutba",2521,24.51366243
"Al-Rutba",2522,24.51366243
"Al-Rutba",2523,24.51366243
"Al-Rutba",2524,24.51366243
"Al-Rutba",2525,24.51366243
"Al-Rutba",2526,24.51366243
"Al-Rutba",2527,24.51366243
"Al-Rutba",2528,24.51366243
"Al-Rutba",2529,24.51366243
"Al-Rutba",2530,24.51366243
"Al-Rutba",2531,24.51366243
"Al-Rutba",2532,24.51366243
"Al-Rutba",2533,24.51366243
"Al-Rutba",2534,24.51366243
"Al-Rutba",2535,24.51366243
"Al-Rutba",2536,24.51366243
"Al-Rutba",2537,24.51366243
"Al-Rutba",2538,24.51366243
"Al-Rutba",2539,24.51366243
"Al-Samawa",2527,2.292676909
"Al-Samawa",2528,2.292676909
"Al-Samawa",2529,2.292676909
"Al-Samawa",2530,2.292676909
"Al-Samawa",2531,2.292676909
"Al-Samawa",2532,2.292676909
"Al-Samawa",2533,2.292676909
"Al-Samawa",2534,2.292676909
"Al-Samawa",2535,2.292676909
"Al-Samawa",2536,2.292676909
"Al-Samawa",2537,2.292676909
"Al-Samawa",2538,2.292676909
"Al-Samawa",2539,2.292676909
"Al-Zubair",2466,2.19017044
"Al-Zubair",2467,2.19017044
"Al-Zubair",2468,2.19017044
"Al-Zubair",2469,2.19017044
"Al-Zubair",2470,2.19017044
"Al-Zubair",2471,2.19017044
"Al-Zubair",2472,2.19017044
"Al-Zubair",2473,2.19017044
"Al-Zubair",2474,2.19017044
"Al-Zubair",2475,2.19017044
"Al-Zubair",2476,2.19017044
"Al-Zubair",2477,2.19017044
"Al-Zubair",2478,2.19017044
"Al-Zubair",2479,2.19017044
"Al-Zubair",2480,2.19017044
"Al-Zubair",2481,2.19017044
"Al-Zubair",2482,2.19017044
"Al-Zubair",2483,2.19017044
"Al-Zubair",2484,2.19017044
"Al-Zubair",2485,2.19017044
"Al-Zubair",2486,2.19017044
"Al-Zubair",2487,2.19017044
"Al-Zubair",2488,2.19017044
"Al-Zubair",2489,2.19017044
"Al-Zubair",2490,2.19017044
"Al-Zubair",2491,2.19017044
"Al-Zubair",2492,2.19017044
"Al-Zubair",2493,2.19017044
"Al-Zubair",2494,2.19017044
"Al-Zubair",2495,2.19017044
"Al-Zubair",2496,2.144549347
"Al-Zubair",2497,2.144549347
"Al-Zubair",2498,2.144549347
"Al-Zubair",2499,2.144549347
"Al-Zubair",2500,2.144549347
"Al-Zubair",2501,2.144549347
"Al-Zubair",2502,2.144549347
"Al-Zubair",2503,2.144549347
"Al-Zubair",2504,2.144549347
"Al-Zubair",2505,7.087399551
"Al-Zubair",2506,7.087399551
"Al-Zubair",2507,7.087399551
"Al-Zubair",2508,7.087399551
"Al-Zubair",2509,7.087399551
"Al-Zubair",2510,7.087399551
"Al-Zubair",2511,7.087399551
"Al-Zubair",2512,7.087399551
"Al-Zubair",2513,7.087399551
"Al-Zubair",2514,1.072274673
"Al-Zubair",2515,1.072274673
"Al-Zubair",2516,1.072274673
"Al-Zubair",2517,1.072274673
"Al-Zubair",2518,2.144549347
"Al-Zubair",2519,2.144549347
"Al-Zubair",2520,2.144549347
"Al-Zubair",2521,2.144549347
"Al-Zubair",2522,2.144549347
"Al-Zubair",2523,2.144549347
"Al-Zubair",2524,2.144549347
"Al-Zubair",2525,2.144549347
"Al-Zubair",2526,2.144549347
"Al-Zubair",2527,2.144549347
"Al-Zubair",2528,2.144549347
"Al-Zubair",2529,2.144549347
"Al-Zubair",2530,2.144549347
"Al-Zubair",2531,2.144549347
"Al-Zubair",2532,2.144549347
"Al-Zubair",2533,2.144549347
"Al-Zubair",2534,2.144549347
"Al-Zubair",2535,2.144549347
"Al-Zubair",2536,2.144549347
"Al-Zubair",2537,2.144549347
"Al-Zubair",2538,2.144549347
"Al-Zubair",2539,2.144549347
"Amara",2527,0.954575158
"Amara",2528,0.954575158
"Amara",2529,0.954575158
"Amara",2530,0.954575158
"Amara",2531,0.954575158
"Amara",2532,0.954575158
"Amara",2533,0.954575158
"Amara",2534,0.954575158
"Amara",2535,0.954575158
"Amara",2536,0.954575158
"Amara",2537,0.954575158
"Amara",2538,0.954575158
"Amara",2539,0.954575158
"Ana",2293,10.0548807
"Ana",2294,10.0548807
"Ana",2295,10.0548807
"Ana",2296,10.0548807
"Ana",2323,5.942118632
"Ana",2324,5.942118632
"Ana",2325,5.942118632
"Ana",2326,5.942118632
"Ana",2327,5.942118632
"Ana",2328,5.942118632
"Ana",2329,5.942118632
"Ana",2330,5.942118632
"Ana",2331,5.942118632
"Ana",2332,5.942118632
"Ana",2333,5.942118632
"Ana",2334,5.942118632
"Ana",2335,5.942118632
"Ana",2336,5.942118632
"Ana",2337,5.942118632
"Ana",2338,5.942118632
"Ana",2339,5.942118632
"Ana",2340,5.980924626
"Ana",2341,5.980924626
"Ana",2342,5.980924626
"Ana",2343,5.980924626
"Ana",2344,5.980924626
"Ana",2345,5.980924626
"Ana",2346,5.980924626
"Ana",2347,5.980924626
"Ana",2348,5.980924626
"Ana",2375,11.02132733
"Ana",2376,11.02132733
"Ana",2377,11.02132733
"Ana",2378,11.02132733
"Ana",2379,11.02132733
"Ana",2380,11.02132733
"Ana",2381,11.02132733
"Ana",2382,11.02132733
"Ana",2383,11.02132733
"Ana",2384,11.02132733
"Ana",2385,11.02132733
"Ana",2386,11.02132733
"Ana",2387,11.02132733
"Ana",2388,11.02132733
"Ana",2389,11.02132733
"Ana",2390,11.02132733
"Ana",2391,11.02132733
"Ana",2392,10.61684914
"Ana",2393,10.61684914
"Ana",2394,10.61684914
"Ana",2395,10.61684914
"Ana",2396,10.61684914
"Ana",2397,10.61684914
"Ana",2398,10.61684914
"Ana",2399,10.61684914
"Ana",2400,10.61684914
"Ana",2401,10.61684914
"Ana",2402,10.61684914
"Ana",2403,10.61684914
"Ana",2404,10.61684914
"Ana",2405,10.61684914
"Ana",2406,10.61684914
"Ana",2407,10.61684914
"Ana",2408,10.61684914
"Ana",2409,10.61684914
"Ana",2410,10.61684914
"Ana",2411,10.61684914
"Ana",2412,10.61684914
"Ana",2413,10.61684914
"Ana",2414,20.3532144
"Ana",2415,20.3532144
"Ana",2416,20.3532144
"Ana",2417,20.3532144
"Ana",2418,20.3532144
"Ana",2419,20.3532144
"Ana",2420,20.3532144
"Ana",2421,20.3532144
"Ana",2422,20.3532144
"Ana",2423,9.73636526
"Ana",2424,9.73636526
"Ana",2425,9.73636526
"Ana",2426,9.73636526
"Ana",2427,29.20909578
"Ana",2428,29.20909578
"Ana",2429,29.20909578
"Ana",2430,29.20909578
"Ana",2431,38.94546104
"Ana",2432,38.94546104
"Ana",2433,38.94546104
"Ana",2434,38.94546104
"Ana",2435,38.94546104
"Ana",2436,38.94546104
"Ana",2437,38.94546104
"Ana",2438,38.94546104
"Ana",2439,38.94546104
"Ana",2440,38.94546104
"Ana",2441,38.94546104
"Ana",2442,38.94546104
"Ana",2443,38.94546104
"Ana",2444,18.7833879
"Ana",2445,18.7833879
"Ana",2446,18.7833879
"Ana",2447,18.7833879
"Ana",2448,18.7833879
"Ana",2449,18.7833879
"Ana",2450,18.7833879
"Ana",2451,18.7833879
"Ana",2452,18.7833879
"Ana",2453,18.7833879
"Ana",2454,18.7833879
"Ana",2455,18.7833879
"Ana",2456,18.7833879
"Ana",2457,18.7833879
"Ana",2458,18.7833879
"Ana",2459,18.7833879
"Ana",2460,18.7833879
"Ana",2461,18.7833879
"Ana",2462,18.7833879
"Ana",2463,18.7833879
"Ana",2464,18.7833879
"Ana",2465,18.7833879
"Ana",2466,18.7833879
"Ana",2467,18.7833879
"Ana",2468,18.7833879
"Ana",2469,18.7833879
"Ana",2470,18.7833879
"Ana",2471,18.7833879
"Ana",2472,18.7833879
"Ana",2473,18.7833879
"Ana",2474,18.7833879
"Ana",2475,18.7833879
"Ana",2476,18.7833879
"Ana",2477,18.7833879
"Ana",2478,18.7833879
"Ana",2479,18.7833879
"Ana",2480,18.7833879
"Ana",2481,18.7833879
"Ana",2482,18.7833879
"Ana",2483,18.7833879
"Ana",2484,18.7833879
"Ana",2485,18.7833879
"Ana",2486,18.7833879
"Ana",2487,18.7833879
"Ana",2488,18.7833879
"Ana",2489,18.7833879
"Ana",2490,18.7833879
"Ana",2491,18.7833879
"Ana",2492,18.7833879
"Ana",2493,18.7833879
"Ana",2494,18.7833879
"Ana",2495,18.7833879
"Ana",2496,18.14118262
"Ana",2497,18.14118262
"Ana",2498,18.14118262
"Ana",2499,18.14118262
"Ana",2500,18.14118262
"Ana",2501,18.14118262
"Ana",2502,18.14118262
"Ana",2503,18.14118262
"Ana",2504,18.14118262
"Ana",2505,18.14118262
"Ana",2506,18.14118262
"Ana",2507,18.14118262
"Ana",2508,18.14118262
"Ana",2509,18.14118262
"Ana",2510,18.14118262
"Ana",2511,18.14118262
"Ana",2512,18.14118262
"Ana",2513,18.14118262
"Ana",2514,18.14118262
"Ana",2515,18.14118262
"Ana",2516,18.14118262
"Ana",2517,18.14118262
"Ba'quba",2462,0.662960885
"Ba'quba",2463,0.662960885
"Ba'quba",2464,0.662960885
"Ba'quba",2465,0.662960885
"Ba'quba",2466,1.788082003
"Ba'quba",2467,1.788082003
"Ba'quba",2468,1.788082003
"Ba'quba",2469,1.788082003
"Ba'quba",2470,1.788082003
"Ba'quba",2471,1.788082003
"Ba'quba",2472,1.788082003
"Ba'quba",2473,1.788082003
"Ba'quba",2474,1.788082003
"Ba'quba",2475,1.788082003
"Ba'quba",2476,1.788082003
"Ba'quba",2477,1.788082003
"Ba'quba",2478,1.788082003
"Ba'quba",2479,2.913203121
"Ba'quba",2480,2.913203121
"Ba'quba",2481,2.913203121
"Ba'quba",2482,2.913203121
"Ba'quba",2483,1.788082003
"Ba'quba",2484,1.788082003
"Ba'quba",2485,1.788082003
"Ba'quba",2486,1.788082003
"Ba'quba",2487,1.788082003
"Ba'quba",2488,1.788082003
"Ba'quba",2489,1.788082003
"Ba'quba",2490,1.788082003
"Ba'quba",2491,1.788082003
"Ba'quba",2492,0.662960885
"Ba'quba",2493,0.662960885
"Ba'quba",2494,0.662960885
"Ba'quba",2495,0.662960885
"Ba'quba",2496,1.735054677
"Ba'quba",2497,1.735054677
"Ba'quba",2498,1.735054677
"Ba'quba",2499,1.735054677
"Ba'quba",2500,1.735054677
"Ba'quba",2501,0.64330013
"Ba'quba",2502,0.64330013
"Ba'quba",2503,0.64330013
"Ba'quba",2504,0.64330013
"Ba'quba",2505,0.64330013
"Ba'quba",2506,0.64330013
"Ba'quba",2507,0.64330013
"Ba'quba",2508,0.64330013
"Ba'quba",2509,0.64330013
"Ba'quba",2510,0.64330013
"Ba'quba",2511,0.64330013
"Ba'quba",2512,0.64330013
"Ba'quba",2513,0.64330013
"Ba'quba",2514,0.64330013
"Ba'quba",2515,0.64330013
"Ba'quba",2516,0.64330013
"Ba'quba",2517,0.64330013
"Ba'quba",2518,0.64330013
"Ba'quba",2519,0.64330013
"Ba'quba",2520,0.64330013
"Ba'quba",2521,0.64330013
"Ba'quba",2522,0.64330013
"Ba'quba",2523,0.64330013
"Ba'quba",2524,0.64330013
"Ba'quba",2525,0.64330013
"Ba'quba",2526,0.64330013
"Ba'quba",2527,0.64330013
"Ba'quba",2528,0.64330013
"Ba'quba",2529,0.64330013
"Ba'quba",2530,0.64330013
"Ba'quba",2531,0.64330013
"Ba'quba",2532,0.64330013
"Ba'quba",2533,0.64330013
"Ba'quba",2534,0.64330013
"Ba'quba",2535,0.64330013
"Ba'quba",2536,0.64330013
"Ba'quba",2537,0.64330013
"Ba'quba",2538,0.64330013
"Ba'quba",2539,0.64330013
"Baiji",2293,2.122463322
"Baiji",2294,2.122463322
"Baiji",2295,2.122463322
"Baiji",2296,2.122463322
"Baiji",2297,4.244926645
"Baiji",2298,4.244926645
"Baiji",2299,4.244926645
"Baiji",2300,4.244926645
"Baiji",2301,4.244926645
"Baiji",2302,4.244926645
"Baiji",2303,4.244926645
"Baiji",2304,4.244926645
"Baiji",2305,4.244926645
"Baiji",2306,4.244926645
"Baiji",2307,4.244926645
"Baiji",2308,4.244926645
"Baiji",2309,4.244926645
"Baiji",2310,4.244926645
"Baiji",2311,4.244926645
"Baiji",2312,4.244926645
"Baiji",2313,4.244926645
"Baiji",2314,4.244926645
"Baiji",2315,4.244926645
"Baiji",2316,4.244926645
"Baiji",2317,4.244926645
"Baiji",2318,4.244926645
"Baiji",2319,4.244926645
"Baiji",2320,4.244926645
"Baiji",2321,4.244926645
"Baiji",2322,4.244926645
"Baiji",2323,4.244926645
"Baiji",2324,4.244926645
"Baiji",2325,4.244926645
"Baiji",2326,4.244926645
"Baiji",2327,4.244926645
"Baiji",2328,4.244926645
"Baiji",2329,4.244926645
"Baiji",2330,4.244926645
"Baiji",2331,4.244926645
"Baiji",2332,4.244926645
"Baiji",2333,4.244926645
"Baiji",2334,4.244926645
"Baiji",2335,4.244926645
"Baiji",2336,4.244926645
"Baiji",2337,4.244926645
"Baiji",2338,4.244926645
"Baiji",2339,4.244926645
"Baiji",2340,4.112480425
"Baiji",2341,4.112480425
"Baiji",2342,4.112480425
"Baiji",2343,4.112480425
"Baiji",2344,4.112480425
"Baiji",2345,10.97569279
"Baiji",2346,10.97569279
"Baiji",2347,10.97569279
"Baiji",2348,10.97569279
"Baiji",2349,6.863212365
"Baiji",2350,6.863212365
"Baiji",2351,6.863212365
"Baiji",2352,6.863212365
"Baiji",2353,6.863212365
"Baiji",2354,6.863212365
"Baiji",2355,6.863212365
"Baiji",2356,6.863212365
"Baiji",2357,6.863212365
"Baiji",2358,6.863212365
"Baiji",2359,6.863212365
"Baiji",2360,6.863212365
"Baiji",2361,6.863212365
"Baiji",2362,6.863212365
"Baiji",2363,6.863212365
"Baiji",2364,6.863212365
"Baiji",2365,6.863212365
"Baiji",2366,6.863212365
"Baiji",2367,6.863212365
"Baiji",2368,6.863212365
"Baiji",2369,6.863212365
"Baiji",2370,6.863212365
"Baiji",2371,6.863212365
"Baiji",2372,6.863212365
"Baiji",2373,6.863212365
"Baiji",2374,6.863212365
"Baiji",2375,6.863212365
"Baiji",2376,6.863212365
"Baiji",2377,6.863212365
"Baiji",2378,6.863212365
"Baiji",2379,4.459726289
"Baiji",2380,4.459726289
"Baiji",2381,4.459726289
"Baiji",2382,4.459726289
"Baiji",2383,4.459726289
"Baiji",2384,6.863212365
"Baiji",2385,6.863212365
"Baiji",2386,6.863212365
"Baiji",2387,6.863212365
"Baiji",2388,4.813780895
"Baiji",2389,4.813780895
"Baiji",2390,4.813780895
"Baiji",2391,4.813780895
"Baiji",2392,2.30009338
"Baiji",2393,2.30009338
"Baiji",2394,2.30009338
"Baiji",2395,2.30009338
"Baiji",2396,2.30009338
"Baiji",2397,2.30009338
"Baiji",2398,2.30009338
"Baiji",2399,2.30009338
"Baiji",2400,2.30009338
"Baiji",2401,2.30009338
"Baiji",2402,2.30009338
"Baiji",2403,2.30009338
"Baiji",2404,2.30009338
"Baiji",2405,2.30009338
"Baiji",2406,2.30009338
"Baiji",2407,2.30009338
"Baiji",2408,2.30009338
"Baiji",2409,2.30009338
"Baiji",2410,2.30009338
"Baiji",2411,2.30009338
"Baiji",2412,2.30009338
"Baiji",2413,2.30009338
"Baiji",2414,2.30009338
"Baiji",2415,2.30009338
"Baiji",2416,2.30009338
"Baiji",2417,2.30009338
"Baiji",2418,2.30009338
"Baiji",2419,2.30009338
"Baiji",2420,2.30009338
"Baiji",2421,2.30009338
"Baiji",2422,2.30009338
"Baiji",2423,2.30009338
"Baiji",2424,2.30009338
"Baiji",2425,2.30009338
"Baiji",2426,2.30009338
"Baiji",2427,2.30009338
"Baiji",2428,2.30009338
"Baiji",2429,2.30009338
"Baiji",2430,2.30009338
"Baiji",2431,2.30009338
"Baiji",2432,2.30009338
"Baiji",2433,2.30009338
"Baiji",2434,2.30009338
"Baiji",2435,2.30009338
"Baiji",2436,2.30009338
"Baiji",2437,2.30009338
"Baiji",2438,2.30009338
"Baiji",2439,2.30009338
"Baiji",2440,2.30009338
"Baiji",2441,2.30009338
"Baiji",2442,2.30009338
"Baiji",2443,2.30009338
"Baiji",2444,2.21681877
"Baiji",2445,2.21681877
"Baiji",2446,2.21681877
"Baiji",2447,2.21681877
"Baiji",2448,2.21681877
"Baiji",2449,2.21681877
"Baiji",2450,2.21681877
"Baiji",2451,2.21681877
"Baiji",2452,2.21681877
"Baiji",2453,2.21681877
"Baiji",2454,2.21681877
"Baiji",2455,2.21681877
"Baiji",2456,2.21681877
"Baiji",2457,2.21681877
"Baiji",2458,2.21681877
"Baiji",2459,2.21681877
"Baiji",2460,2.21681877
"Baiji",2461,2.21681877
"Baiji",2462,2.21681877
"Baiji",2463,2.21681877
"Baiji",2464,2.21681877
"Baiji",2465,2.21681877
"Baiji",2466,2.21681877
"Baiji",2467,2.21681877
"Baiji",2468,2.21681877
"Baiji",2469,2.21681877
"Baiji",2470,2.21681877
"Baiji",2471,2.21681877
"Baiji",2472,2.21681877
"Baiji",2473,2.21681877
"Baiji",2474,2.21681877
"Baiji",2475,2.21681877
"Baiji",2476,2.21681877
"Baiji",2477,2.21681877
"Baiji",2478,2.21681877
"Baiji",2479,2.21681877
"Baiji",2480,2.21681877
"Baiji",2481,2.21681877
"Baiji",2482,2.21681877
"Baiji",2483,2.21681877
"Baiji",2484,2.21681877
"Baiji",2485,2.21681877
"Baiji",2486,2.21681877
"Baiji",2487,2.21681877
"Baiji",2488,2.21681877
"Baiji",2489,2.21681877
"Baiji",2490,2.21681877
"Baiji",2491,2.21681877
"Baiji",2492,2.21681877
"Baiji",2493,2.21681877
"Baiji",2494,2.21681877
"Baiji",2495,2.21681877
"Baiji",2496,2.139363372
"Baiji",2497,2.139363372
"Baiji",2498,2.139363372
"Baiji",2499,2.139363372
"Baiji",2500,2.139363372
"Baiji",2501,2.139363372
"Baiji",2502,2.139363372
"Baiji",2503,2.139363372
"Baiji",2504,2.139363372
"Baiji",2505,2.139363372
"Baiji",2506,2.139363372
"Baiji",2507,2.139363372
"Baiji",2508,2.139363372
"Baiji",2509,2.139363372
"Baiji",2510,2.139363372
"Baiji",2511,2.139363372
"Baiji",2512,2.139363372
"Baiji",2513,2.139363372
"Baiji",2514,2.139363372
"Baiji",2515,2.139363372
"Baiji",2516,2.139363372
"Baiji",2517,2.139363372
"Baiji",2518,2.139363372
"Baiji",2519,2.139363372
"Baiji",2520,2.139363372
"Baiji",2521,2.139363372
"Baiji",2522,2.139363372
"Baiji",2523,2.139363372
"Baiji",2524,2.139363372
"Baiji",2525,2.139363372
"Baiji",2526,2.139363372
"Baiji",2527,2.139363372
"Baiji",2528,2.139363372
"Baiji",2529,2.139363372
"Baiji",2530,2.139363372
"Baiji",2531,2.139363372
"Baiji",2532,2.139363372
"Baiji",2533,2.139363372
"Baiji",2534,2.139363372
"Baiji",2535,2.139363372
"Baiji",2536,2.139363372
"Baiji",2537,2.139363372
"Baiji",2538,2.139363372
"Baiji",2539,2.139363372
"Balad",2293,2.896794202
"Balad",2294,2.896794202
"Balad",2295,2.896794202
"Balad",2296,2.896794202
"Balad",2297,1.609330112
"Balad",2298,1.609330112
"Balad",2299,1.609330112
"Balad",2300,1.609330112
"Balad",2301,1.609330112
"Balad",2302,1.609330112
"Balad",2303,1.609330112
"Balad",2304,1.609330112
"Balad",2305,1.609330112
"Balad",2306,1.609330112
"Balad",2307,1.609330112
"Balad",2308,1.609330112
"Balad",2309,1.609330112
"Balad",2310,1.609330112
"Balad",2311,1.609330112
"Balad",2312,1.609330112
"Balad",2313,1.609330112
"Balad",2314,1.609330112
"Balad",2315,1.609330112
"Balad",2316,1.609330112
"Balad",2317,1.609330112
"Balad",2318,1.609330112
"Balad",2319,1.609330112
"Balad",2320,1.609330112
"Balad",2321,1.609330112
"Balad",2322,1.609330112
"Balad",2323,1.609330112
"Balad",2324,1.609330112
"Balad",2325,1.609330112
"Balad",2326,1.609330112
"Balad",2327,1.609330112
"Balad",2328,1.609330112
"Balad",2329,1.609330112
"Balad",2330,1.609330112
"Balad",2331,1.609330112
"Balad",2332,1.609330112
"Balad",2333,1.609330112
"Balad",2334,1.609330112
"Balad",2335,1.609330112
"Balad",2336,1.609330112
"Balad",2337,1.609330112
"Balad",2338,1.609330112
"Balad",2339,1.609330112
"Balad",2340,4.274843798
"Balad",2341,4.274843798
"Balad",2342,4.274843798
"Balad",2343,4.274843798
"Balad",2344,4.274843798
"Balad",2345,4.274843798
"Balad",2346,4.274843798
"Balad",2347,4.274843798
"Balad",2348,4.274843798
"Balad",2349,5.468934244
"Balad",2350,5.468934244
"Balad",2351,5.468934244
"Balad",2352,5.468934244
"Balad",2353,5.468934244
"Balad",2354,5.468934244
"Balad",2355,5.468934244
"Balad",2356,5.468934244
"Balad",2357,5.468934244
"Balad",2358,5.468934244
"Balad",2359,5.468934244
"Balad",2360,5.468934244
"Balad",2361,5.468934244
"Balad",2362,5.468934244
"Balad",2363,5.468934244
"Balad",2364,5.468934244
"Balad",2365,5.468934244
"Balad",2366,5.468934244
"Balad",2367,5.468934244
"Balad",2368,5.468934244
"Balad",2369,5.468934244
"Balad",2370,5.468934244
"Balad",2371,5.468934244
"Balad",2372,5.468934244
"Balad",2373,5.468934244
"Balad",2374,5.468934244
"Balad",2375,5.468934244
"Balad",2376,5.468934244
"Balad",2377,5.468934244
"Balad",2378,5.468934244
"Balad",2379,5.468934244
"Balad",2380,5.468934244
"Balad",2381,5.468934244
"Balad",2382,5.468934244
"Balad",2383,5.468934244
"Balad",2384,5.468934244
"Balad",2385,5.468934244
"Balad",2386,5.468934244
"Balad",2387,5.468934244
"Balad",2388,5.176382085
"Balad",2389,5.176382085
"Balad",2390,5.176382085
"Balad",2391,5.176382085
"Balad",2392,1.903999344
"Balad",2393,1.903999344
"Balad",2394,1.903999344
"Balad",2395,1.903999344
"Balad",2396,1.903999344
"Balad",2397,1.903999344
"Balad",2398,1.903999344
"Balad",2399,1.903999344
"Balad",2400,1.903999344
"Balad",2401,1.122224779
"Balad",2402,1.122224779
"Balad",2403,1.122224779
"Balad",2404,1.122224779
"Balad",2405,1.122224779
"Balad",2406,1.122224779
"Balad",2407,1.122224779
"Balad",2408,1.122224779
"Balad",2409,1.122224779
"Balad",2410,1.122224779
"Balad",2411,1.122224779
"Balad",2412,1.122224779
"Balad",2413,1.122224779
"Balad",2414,1.122224779
"Balad",2415,1.122224779
"Balad",2416,1.122224779
"Balad",2417,1.122224779
"Balad",2418,1.122224779
"Balad",2419,1.122224779
"Balad",2420,1.122224779
"Balad",2421,1.122224779
"Balad",2422,1.122224779
"Balad",2423,1.122224779
"Balad",2424,1.122224779
"Balad",2425,1.122224779
"Balad",2426,1.122224779
"Balad",2427,1.122224779
"Balad",2428,1.122224779
"Balad",2429,1.122224779
"Balad",2430,1.122224779
"Balad",2431,3.026224123
"Balad",2432,3.026224123
"Balad",2433,3.026224123
"Balad",2434,3.026224123
"Balad",2435,3.026224123
"Balad",2436,3.026224123
"Balad",2437,3.026224123
"Balad",2438,3.026224123
"Balad",2439,3.026224123
"Balad",2440,3.026224123
"Balad",2441,3.026224123
"Balad",2442,3.026224123
"Balad",2443,3.026224123
"Balad",2444,2.617949651
"Balad",2445,2.617949651
"Balad",2446,2.617949651
"Balad",2447,2.617949651
"Balad",2448,2.617949651
"Balad",2449,2.617949651
"Balad",2450,2.617949651
"Balad",2451,2.617949651
"Balad",2452,2.617949651
"Balad",2453,2.617949651
"Balad",2454,2.617949651
"Balad",2455,2.617949651
"Balad",2456,2.617949651
"Balad",2457,2.617949651
"Balad",2458,2.617949651
"Balad",2459,2.617949651
"Balad",2460,2.617949651
"Balad",2461,2.617949651
"Balad",2462,2.617949651
"Balad",2463,2.617949651
"Balad",2464,2.617949651
"Balad",2465,2.617949651
"Balad",2466,1.429186799
"Balad",2467,1.429186799
"Balad",2468,1.429186799
"Balad",2469,1.429186799
"Balad",2470,1.429186799
"Balad",2471,1.429186799
"Balad",2472,1.429186799
"Balad",2473,1.429186799
"Balad",2474,1.429186799
"Balad",2475,1.429186799
"Balad",2476,1.429186799
"Balad",2477,1.429186799
"Balad",2478,1.429186799
"Balad",2479,1.429186799
"Balad",2480,1.429186799
"Balad",2481,1.429186799
"Balad",2482,1.429186799
"Balad",2483,1.429186799
"Balad",2484,1.429186799
"Balad",2485,1.429186799
"Balad",2486,1.429186799
"Balad",2487,1.429186799
"Balad",2488,1.429186799
"Balad",2489,1.429186799
"Balad",2490,1.429186799
"Balad",2491,1.429186799
"Balad",2501,1.263688479
"Balad",2502,1.263688479
"Balad",2503,1.263688479
"Balad",2504,1.263688479
"Balad",2505,1.263688479
"Balad",2506,1.263688479
"Balad",2507,1.263688479
"Balad",2508,1.263688479
"Balad",2509,1.263688479
"Balad",2510,1.263688479
"Balad",2511,1.263688479
"Balad",2512,1.263688479
"Balad",2513,1.263688479
"Balad",2514,1.263688479
"Balad",2515,1.263688479
"Balad",2516,1.263688479
"Balad",2517,1.263688479
"Balad",2518,1.263688479
"Balad",2519,1.263688479
"Balad",2520,1.263688479
"Balad",2521,1.263688479
"Balad",2522,1.263688479
"Balad",2523,1.263688479
"Balad",2524,1.263688479
"Balad",2525,1.263688479
"Balad",2526,1.263688479
"Balad",2527,1.263688479
"Balad",2528,1.263688479
"Balad",2529,1.263688479
"Balad",2530,1.263688479
"Balad",2531,1.263688479
"Balad",2532,1.263688479
"Balad",2533,1.263688479
"Balad",2534,1.263688479
"Balad",2535,1.263688479
"Balad",2536,1.263688479
"Balad",2537,1.263688479
"Balad",2538,1.263688479
"Balad",2539,1.263688479
"Baladrooz",2293,1.866273645
"Baladrooz",2294,1.866273645
"Baladrooz",2295,1.866273645
"Baladrooz",2296,1.866273645
"Baladrooz",2297,1.755808849
"Baladrooz",2298,1.755808849
"Baladrooz",2299,1.755808849
"Baladrooz",2300,1.755808849
"Baladrooz",2301,1.755808849
"Baladrooz",2302,1.755808849
"Baladrooz",2303,1.755808849
"Baladrooz",2304,1.755808849
"Baladrooz",2305,1.755808849
"Baladrooz",2306,1.755808849
"Baladrooz",2307,1.755808849
"Baladrooz",2308,1.755808849
"Baladrooz",2309,1.755808849
"Baladrooz",2310,1.755808849
"Baladrooz",2311,1.755808849
"Baladrooz",2312,1.755808849
"Baladrooz",2313,1.755808849
"Baladrooz",2314,1.755808849
"Baladrooz",2315,1.755808849
"Baladrooz",2316,1.755808849
"Baladrooz",2317,1.755808849
"Baladrooz",2318,1.755808849
"Baladrooz",2319,1.755808849
"Baladrooz",2320,1.755808849
"Baladrooz",2321,1.755808849
"Baladrooz",2322,1.755808849
"Baladrooz",2323,1.755808849
"Baladrooz",2324,1.755808849
"Baladrooz",2325,1.755808849
"Baladrooz",2326,1.755808849
"Baladrooz",2327,1.755808849
"Baladrooz",2328,1.755808849
"Baladrooz",2329,1.755808849
"Baladrooz",2330,1.755808849
"Baladrooz",2331,1.755808849
"Baladrooz",2332,1.755808849
"Baladrooz",2333,1.755808849
"Baladrooz",2334,1.755808849
"Baladrooz",2335,1.755808849
"Baladrooz",2336,1.755808849
"Baladrooz",2337,1.755808849
"Baladrooz",2338,1.755808849
"Baladrooz",2339,1.755808849
"Baladrooz",2340,8.150633151
"Baladrooz",2341,8.150633151
"Baladrooz",2342,8.150633151
"Baladrooz",2343,8.150633151
"Baladrooz",2344,8.150633151
"Baladrooz",2345,5.772380772
"Baladrooz",2346,5.772380772
"Baladrooz",2347,5.772380772
"Baladrooz",2348,5.772380772
"Baladrooz",2349,5.772380772
"Baladrooz",2350,5.772380772
"Baladrooz",2351,5.772380772
"Baladrooz",2352,5.772380772
"Baladrooz",2353,5.772380772
"Baladrooz",2354,5.772380772
"Baladrooz",2355,5.772380772
"Baladrooz",2356,5.772380772
"Baladrooz",2357,5.772380772
"Baladrooz",2358,5.772380772
"Baladrooz",2359,5.772380772
"Baladrooz",2360,5.772380772
"Baladrooz",2361,5.772380772
"Baladrooz",2362,4.851004851
"Baladrooz",2363,4.851004851
"Baladrooz",2364,4.851004851
"Baladrooz",2365,4.851004851
"Baladrooz",2366,4.851004851
"Baladrooz",2367,4.851004851
"Baladrooz",2368,4.851004851
"Baladrooz",2369,4.851004851
"Baladrooz",2370,4.851004851
"Baladrooz",2371,4.851004851
"Baladrooz",2372,4.851004851
"Baladrooz",2373,4.851004851
"Baladrooz",2374,4.851004851
"Baladrooz",2375,4.851004851
"Baladrooz",2376,4.851004851
"Baladrooz",2377,4.851004851
"Baladrooz",2378,4.851004851
"Baladrooz",2379,4.851004851
"Baladrooz",2380,4.851004851
"Baladrooz",2381,4.851004851
"Baladrooz",2382,4.851004851
"Baladrooz",2383,4.851004851
"Baladrooz",2384,4.851004851
"Baladrooz",2385,4.851004851
"Baladrooz",2386,4.851004851
"Baladrooz",2387,4.851004851
"Baladrooz",2388,4.851004851
"Baladrooz",2389,4.851004851
"Baladrooz",2390,4.851004851
"Baladrooz",2391,4.851004851
"Baladrooz",2392,1.357348747
"Baladrooz",2393,1.357348747
"Baladrooz",2394,1.357348747
"Baladrooz",2395,1.357348747
"Baladrooz",2396,1.357348747
"Baladrooz",2397,1.357348747
"Baladrooz",2398,1.357348747
"Baladrooz",2399,1.357348747
"Baladrooz",2400,1.357348747
"Baladrooz",2401,1.357348747
"Baladrooz",2402,1.357348747
"Baladrooz",2403,1.357348747
"Baladrooz",2404,1.357348747
"Baladrooz",2405,1.357348747
"Baladrooz",2406,1.357348747
"Baladrooz",2407,1.357348747
"Baladrooz",2408,1.357348747
"Baladrooz",2409,1.357348747
"Baladrooz",2436,2.714697494
"Baladrooz",2437,2.714697494
"Baladrooz",2438,2.714697494
"Baladrooz",2439,2.714697494
"Baladrooz",2440,2.714697494
"Baladrooz",2441,2.714697494
"Baladrooz",2442,2.714697494
"Baladrooz",2443,2.714697494
"Baladrooz",2444,2.631345534
"Baladrooz",2445,2.631345534
"Baladrooz",2446,2.631345534
"Baladrooz",2447,2.631345534
"Baladrooz",2448,2.631345534
"Baladrooz",2449,2.631345534
"Baladrooz",2450,2.631345534
"Baladrooz",2451,2.631345534
"Baladrooz",2452,2.631345534
"Baladrooz",2505,5.478823344
"Baladrooz",2506,5.478823344
"Baladrooz",2507,5.478823344
"Baladrooz",2508,5.478823344
"Baladrooz",2509,5.478823344
"Baladrooz",2510,5.478823344
"Baladrooz",2511,5.478823344
"Baladrooz",2512,5.478823344
"Baladrooz",2513,5.478823344
"Baladrooz",2514,5.478823344
"Baladrooz",2515,5.478823344
"Baladrooz",2516,5.478823344
"Baladrooz",2517,5.478823344
"Baladrooz",2518,5.478823344
"Baladrooz",2519,5.478823344
"Baladrooz",2520,5.478823344
"Baladrooz",2521,5.478823344
"Baladrooz",2522,8.010269208
"Baladrooz",2523,8.010269208
"Baladrooz",2524,8.010269208
"Baladrooz",2525,8.010269208
"Baladrooz",2526,8.010269208
"Baladrooz",2527,12.34169499
"Baladrooz",2528,12.34169499
"Baladrooz",2529,12.34169499
"Baladrooz",2530,12.34169499
"Baladrooz",2531,8.010269208
"Baladrooz",2532,8.010269208
"Baladrooz",2533,8.010269208
"Baladrooz",2534,8.010269208
"Baladrooz",2535,8.010269208
"Baladrooz",2536,8.010269208
"Baladrooz",2537,8.010269208
"Baladrooz",2538,8.010269208
"Baladrooz",2539,8.010269208
"Daquq",2501,2.315522456
"Daquq",2502,2.315522456
"Daquq",2503,2.315522456
"Daquq",2504,2.315522456
"Daquq",2505,2.315522456
"Daquq",2506,2.315522456
"Daquq",2507,2.315522456
"Daquq",2508,2.315522456
"Daquq",2509,2.315522456
"Daquq",2510,2.315522456
"Daquq",2511,2.315522456
"Daquq",2512,2.315522456
"Daquq",2513,2.315522456
"Daquq",2514,2.315522456
"Daquq",2515,2.315522456
"Daquq",2516,2.315522456
"Daquq",2517,2.315522456
"Diwaniya",2301,0.488473999
"Diwaniya",2302,0.488473999
"Diwaniya",2303,0.488473999
"Diwaniya",2304,0.488473999
"Diwaniya",2305,0.488473999
"Diwaniya",2306,0.463403314
"Diwaniya",2307,0.463403314
"Diwaniya",2308,0.463403314
"Diwaniya",2309,0.463403314
"Diwaniya",2457,0.943466832
"Diwaniya",2458,0.943466832
"Diwaniya",2459,0.943466832
"Diwaniya",2460,0.943466832
"Diwaniya",2461,0.943466832
"Diwaniya",2527,1.335144473
"Diwaniya",2528,1.335144473
"Diwaniya",2529,1.335144473
"Diwaniya",2530,1.335144473
"Diwaniya",2531,1.335144473
"Diwaniya",2532,1.335144473
"Diwaniya",2533,1.335144473
"Diwaniya",2534,1.335144473
"Diwaniya",2535,1.335144473
"Diwaniya",2536,1.335144473
"Diwaniya",2537,1.335144473
"Diwaniya",2538,1.335144473
"Diwaniya",2539,1.335144473
"Falluja",2293,10.97974701
"Falluja",2294,10.97974701
"Falluja",2295,10.97974701
"Falluja",2296,10.97974701
"Falluja",2297,12.10162349
"Falluja",2298,12.10162349
"Falluja",2299,12.10162349
"Falluja",2300,12.10162349
"Falluja",2301,12.53443956
"Falluja",2302,12.53443956
"Falluja",2303,12.53443956
"Falluja",2304,12.53443956
"Falluja",2305,12.53443956
"Falluja",2306,10.58999721
"Falluja",2307,10.58999721
"Falluja",2308,10.58999721
"Falluja",2309,10.58999721
"Falluja",2310,10.58999721
"Falluja",2311,10.58999721
"Falluja",2312,10.58999721
"Falluja",2313,10.58999721
"Falluja",2314,10.58999721
"Falluja",2315,10.58999721
"Falluja",2316,10.58999721
"Falluja",2317,10.58999721
"Falluja",2318,10.58999721
"Falluja",2319,7.239440957
"Falluja",2320,7.239440957
"Falluja",2321,7.239440957
"Falluja",2322,7.239440957
"Falluja",2323,7.239440957
"Falluja",2324,7.239440957
"Falluja",2325,7.239440957
"Falluja",2326,7.239440957
"Falluja",2327,7.239440957
"Falluja",2328,6.589140193
"Falluja",2329,6.589140193
"Falluja",2330,6.589140193
"Falluja",2331,6.589140193
"Falluja",2332,21.57835747
"Falluja",2333,21.57835747
"Falluja",2334,21.57835747
"Falluja",2335,21.57835747
"Falluja",2336,20.49524064
"Falluja",2337,20.49524064
"Falluja",2338,20.49524064
"Falluja",2339,20.49524064
"Falluja",2340,9.226410371
"Falluja",2341,9.226410371
"Falluja",2342,9.226410371
"Falluja",2343,9.226410371
"Falluja",2344,9.226410371
"Falluja",2345,8.003142638
"Falluja",2346,8.003142638
"Falluja",2347,8.003142638
"Falluja",2348,8.003142638
"Falluja",2349,8.548626419
"Falluja",2350,8.548626419
"Falluja",2351,8.548626419
"Falluja",2352,8.548626419
"Falluja",2353,8.003142638
"Falluja",2354,8.003142638
"Falluja",2355,8.003142638
"Falluja",2356,8.003142638
"Falluja",2357,8.003142638
"Falluja",2358,6.165187958
"Falluja",2359,6.165187958
"Falluja",2360,6.165187958
"Falluja",2361,6.165187958
"Falluja",2362,6.745273322
"Falluja",2363,6.745273322
"Falluja",2364,6.745273322
"Falluja",2365,6.745273322
"Falluja",2366,8.003142638
"Falluja",2367,8.003142638
"Falluja",2368,8.003142638
"Falluja",2369,8.003142638
"Falluja",2370,8.003142638
"Falluja",2371,9.841097318
"Falluja",2372,9.841097318
"Falluja",2373,9.841097318
"Falluja",2374,9.841097318
"Falluja",2375,9.841097318
"Falluja",2376,9.841097318
"Falluja",2377,9.841097318
"Falluja",2378,9.841097318
"Falluja",2379,9.841097318
"Falluja",2380,9.841097318
"Falluja",2381,9.841097318
"Falluja",2382,9.841097318
"Falluja",2383,9.841097318
"Falluja",2384,9.841097318
"Falluja",2385,9.841097318
"Falluja",2386,9.841097318
"Falluja",2387,9.841097318
"Falluja",2388,7.388455691
"Falluja",2389,7.388455691
"Falluja",2390,7.388455691
"Falluja",2391,7.388455691
"Falluja",2392,7.076074659
"Falluja",2393,7.076074659
"Falluja",2394,7.076074659
"Falluja",2395,7.076074659
"Falluja",2396,7.076074659
"Falluja",2397,7.076074659
"Falluja",2398,7.076074659
"Falluja",2399,7.076074659
"Falluja",2400,7.076074659
"Falluja",2401,7.9184645
"Falluja",2402,7.9184645
"Falluja",2403,7.9184645
"Falluja",2404,7.9184645
"Falluja",2405,7.9184645
"Falluja",2406,7.9184645
"Falluja",2407,7.9184645
"Falluja",2408,7.9184645
"Falluja",2409,7.9184645
"Falluja",2410,7.9184645
"Falluja",2411,7.9184645
"Falluja",2412,7.9184645
"Falluja",2413,7.9184645
"Falluja",2414,6.423712294
"Falluja",2415,6.423712294
"Falluja",2416,6.423712294
"Falluja",2417,6.423712294
"Falluja",2418,7.80679887
"Falluja",2419,7.80679887
"Falluja",2420,7.80679887
"Falluja",2421,7.80679887
"Falluja",2422,7.80679887
"Falluja",2423,6.037780205
"Falluja",2424,6.037780205
"Falluja",2425,6.037780205
"Falluja",2426,6.037780205
"Falluja",2427,7.154436505
"Falluja",2428,7.154436505
"Falluja",2429,7.154436505
"Falluja",2430,7.154436505
"Falluja",2431,6.922289537
"Falluja",2432,6.922289537
"Falluja",2433,6.922289537
"Falluja",2434,6.922289537
"Falluja",2435,6.922289537
"Falluja",2436,5.539202962
"Falluja",2437,5.539202962
"Falluja",2438,5.539202962
"Falluja",2439,5.539202962
"Falluja",2440,5.539202962
"Falluja",2441,5.539202962
"Falluja",2442,5.539202962
"Falluja",2443,5.539202962
"Falluja",2444,5.338955208
"Falluja",2445,5.338955208
"Falluja",2446,5.338955208
"Falluja",2447,5.338955208
"Falluja",2448,5.338955208
"Falluja",2449,6.001722061
"Falluja",2450,6.001722061
"Falluja",2451,6.001722061
"Falluja",2452,6.001722061
"Falluja",2453,6.001722061
"Falluja",2454,6.001722061
"Falluja",2455,6.001722061
"Falluja",2456,6.001722061
"Falluja",2457,6.809882213
"Falluja",2458,6.809882213
"Falluja",2459,6.809882213
"Falluja",2460,6.809882213
"Falluja",2461,6.809882213
"Falluja",2462,6.809882213
"Falluja",2463,6.809882213
"Falluja",2464,6.809882213
"Falluja",2465,6.809882213
"Falluja",2466,9.557249083
"Falluja",2467,9.557249083
"Falluja",2468,9.557249083
"Falluja",2469,9.557249083
"Falluja",2470,9.557249083
"Falluja",2471,9.557249083
"Falluja",2472,9.557249083
"Falluja",2473,9.557249083
"Falluja",2474,9.557249083
"Falluja",2475,9.557249083
"Falluja",2476,9.557249083
"Falluja",2477,9.557249083
"Falluja",2478,9.557249083
"Falluja",2479,9.557249083
"Falluja",2480,9.557249083
"Falluja",2481,9.557249083
"Falluja",2482,9.557249083
"Falluja",2483,6.147115359
"Falluja",2484,6.147115359
"Falluja",2485,6.147115359
"Falluja",2486,6.147115359
"Falluja",2487,6.147115359
"Falluja",2488,6.147115359
"Falluja",2489,6.147115359
"Falluja",2490,6.147115359
"Falluja",2491,6.147115359
"Falluja",2492,6.147115359
"Falluja",2493,6.147115359
"Falluja",2494,6.147115359
"Falluja",2495,6.147115359
"Falluja",2496,5.932644305
"Falluja",2497,5.932644305
"Falluja",2498,5.932644305
"Falluja",2499,5.932644305
"Falluja",2500,5.932644305
"Falluja",2501,5.152680624
"Falluja",2502,5.152680624
"Falluja",2503,5.152680624
"Falluja",2504,5.152680624
"Falluja",2505,5.152680624
"Falluja",2506,5.152680624
"Falluja",2507,5.152680624
"Falluja",2508,5.152680624
"Falluja",2509,5.152680624
"Falluja",2510,5.152680624
"Falluja",2511,5.152680624
"Falluja",2512,5.152680624
"Falluja",2513,5.152680624
"Falluja",2514,4.113943946
"Falluja",2515,4.113943946
"Falluja",2516,4.113943946
"Falluja",2517,4.113943946
"Falluja",2518,4.113943946
"Falluja",2519,4.113943946
"Falluja",2520,4.113943946
"Falluja",2521,4.113943946
"Falluja",2522,5.152680624
"Falluja",2523,5.152680624
"Falluja",2524,5.152680624
"Falluja",2525,5.152680624
"Falluja",2526,5.152680624
"Falluja",2527,5.152680624
"Falluja",2528,5.152680624
"Falluja",2529,5.152680624
"Falluja",2530,5.152680624
"Falluja",2531,5.152680624
"Falluja",2532,5.152680624
"Falluja",2533,5.152680624
"Falluja",2534,5.152680624
"Falluja",2535,5.152680624
"Falluja",2536,5.152680624
"Falluja",2537,5.152680624
"Falluja",2538,5.152680624
"Falluja",2539,5.152680624
"Haditha",2293,10.11177214
"Haditha",2294,10.11177214
"Haditha",2295,10.11177214
"Haditha",2296,10.11177214
"Haditha",2297,11.95147938
"Haditha",2298,11.95147938
"Haditha",2299,11.95147938
"Haditha",2300,11.95147938
"Haditha",2301,5.975739688
"Haditha",2302,5.975739688
"Haditha",2303,5.975739688
"Haditha",2304,5.975739688
"Haditha",2305,5.975739688
"Haditha",2306,11.95147938
"Haditha",2307,11.95147938
"Haditha",2308,11.95147938
"Haditha",2309,11.95147938
"Haditha",2310,11.95147938
"Haditha",2311,11.95147938
"Haditha",2312,11.95147938
"Haditha",2313,11.95147938
"Haditha",2314,23.90295875
"Haditha",2315,23.90295875
"Haditha",2316,23.90295875
"Haditha",2317,23.90295875
"Haditha",2318,23.90295875
"Haditha",2319,17.92721906
"Haditha",2320,17.92721906
"Haditha",2321,17.92721906
"Haditha",2322,17.92721906
"Haditha",2323,20.91508891
"Haditha",2324,20.91508891
"Haditha",2325,20.91508891
"Haditha",2326,20.91508891
"Haditha",2327,20.91508891
"Haditha",2328,20.91508891
"Haditha",2329,20.91508891
"Haditha",2330,20.91508891
"Haditha",2331,20.91508891
"Haditha",2332,8.963609532
"Haditha",2333,8.963609532
"Haditha",2334,8.963609532
"Haditha",2335,8.963609532
"Haditha",2336,8.963609532
"Haditha",2337,8.963609532
"Haditha",2338,8.963609532
"Haditha",2339,8.963609532
"Haditha",2340,9.254198379
"Haditha",2341,9.254198379
"Haditha",2342,9.254198379
"Haditha",2343,9.254198379
"Haditha",2344,9.254198379
"Haditha",2345,14.46715767
"Haditha",2346,14.46715767
"Haditha",2347,14.46715767
"Haditha",2348,14.46715767
"Haditha",2349,6.169465586
"Haditha",2350,6.169465586
"Haditha",2351,6.169465586
"Haditha",2352,6.169465586
"Haditha",2353,6.169465586
"Haditha",2354,6.169465586
"Haditha",2355,6.169465586
"Haditha",2356,6.169465586
"Haditha",2357,6.169465586
"Haditha",2358,6.169465586
"Haditha",2359,6.169465586
"Haditha",2360,6.169465586
"Haditha",2361,6.169465586
"Haditha",2362,6.169465586
"Haditha",2363,6.169465586
"Haditha",2364,6.169465586
"Haditha",2365,6.169465586
"Haditha",2366,6.169465586
"Haditha",2367,6.169465586
"Haditha",2368,6.169465586
"Haditha",2369,6.169465586
"Haditha",2370,6.169465586
"Haditha",2371,18.50839676
"Haditha",2372,18.50839676
"Haditha",2373,18.50839676
"Haditha",2374,18.50839676
"Haditha",2375,18.50839676
"Haditha",2376,18.50839676
"Haditha",2377,18.50839676
"Haditha",2378,18.50839676
"Haditha",2379,12.33893117
"Haditha",2380,12.33893117
"Haditha",2381,12.33893117
"Haditha",2382,12.33893117
"Haditha",2383,12.33893117
"Haditha",2384,12.33893117
"Haditha",2385,12.33893117
"Haditha",2386,12.33893117
"Haditha",2387,12.33893117
"Haditha",2388,12.33893117
"Haditha",2389,12.33893117
"Haditha",2390,12.33893117
"Haditha",2391,12.33893117
"Haditha",2392,11.89417739
"Haditha",2393,11.89417739
"Haditha",2394,11.89417739
"Haditha",2395,11.89417739
"Haditha",2396,11.89417739
"Haditha",2397,11.89417739
"Haditha",2398,11.89417739
"Haditha",2399,11.89417739
"Haditha",2400,11.89417739
"Haditha",2401,11.89417739
"Haditha",2402,11.89417739
"Haditha",2403,11.89417739
"Haditha",2404,11.89417739
"Haditha",2405,11.89417739
"Haditha",2406,11.89417739
"Haditha",2407,11.89417739
"Haditha",2408,11.89417739
"Haditha",2409,11.89417739
"Haditha",2410,11.89417739
"Haditha",2411,11.89417739
"Haditha",2412,11.89417739
"Haditha",2413,11.89417739
"Haditha",2414,11.89417739
"Haditha",2415,11.89417739
"Haditha",2416,11.89417739
"Haditha",2417,11.89417739
"Haditha",2418,11.89417739
"Haditha",2419,11.89417739
"Haditha",2420,11.89417739
"Haditha",2421,11.89417739
"Haditha",2422,11.89417739
"Haditha",2423,11.89417739
"Haditha",2424,11.89417739
"Haditha",2425,11.89417739
"Haditha",2426,11.89417739
"Haditha",2427,11.89417739
"Haditha",2428,11.89417739
"Haditha",2429,11.89417739
"Haditha",2430,11.89417739
"Haditha",2431,11.89417739
"Haditha",2432,11.89417739
"Haditha",2433,11.89417739
"Haditha",2434,11.89417739
"Haditha",2435,11.89417739
"Haditha",2436,23.78835477
"Haditha",2437,23.78835477
"Haditha",2438,23.78835477
"Haditha",2439,23.78835477
"Haditha",2440,23.78835477
"Haditha",2441,23.78835477
"Haditha",2442,23.78835477
"Haditha",2443,23.78835477
"Haditha",2444,22.96074044
"Haditha",2445,22.96074044
"Haditha",2446,22.96074044
"Haditha",2447,22.96074044
"Haditha",2448,22.96074044
"Haditha",2449,22.96074044
"Haditha",2450,22.96074044
"Haditha",2451,22.96074044
"Haditha",2452,22.96074044
"Haditha",2453,22.96074044
"Haditha",2454,22.96074044
"Haditha",2455,22.96074044
"Haditha",2456,22.96074044
"Haditha",2457,11.48037022
"Haditha",2458,11.48037022
"Haditha",2459,11.48037022
"Haditha",2460,11.48037022
"Haditha",2461,11.48037022
"Haditha",2462,22.96074044
"Haditha",2463,22.96074044
"Haditha",2464,22.96074044
"Haditha",2465,22.96074044
"Haditha",2466,11.48037022
"Haditha",2467,11.48037022
"Haditha",2468,11.48037022
"Haditha",2469,11.48037022
"Haditha",2470,11.48037022
"Haditha",2471,11.48037022
"Haditha",2472,11.48037022
"Haditha",2473,11.48037022
"Haditha",2474,11.48037022
"Haditha",2475,11.48037022
"Haditha",2476,11.48037022
"Haditha",2477,11.48037022
"Haditha",2478,11.48037022
"Haditha",2479,11.48037022
"Haditha",2480,11.48037022
"Haditha",2481,11.48037022
"Haditha",2482,11.48037022
"Haditha",2483,11.48037022
"Haditha",2484,11.48037022
"Haditha",2485,11.48037022
"Haditha",2486,11.48037022
"Haditha",2487,11.48037022
"Haditha",2488,11.48037022
"Haditha",2489,11.48037022
"Haditha",2490,11.48037022
"Haditha",2491,11.48037022
"Haditha",2492,11.48037022
"Haditha",2493,11.48037022
"Haditha",2494,11.48037022
"Haditha",2495,11.48037022
"Haditha",2496,11.0943883
"Haditha",2497,11.0943883
"Haditha",2498,11.0943883
"Haditha",2499,11.0943883
"Haditha",2500,11.0943883
"Haditha",2501,11.0943883
"Haditha",2502,11.0943883
"Haditha",2503,11.0943883
"Haditha",2504,11.0943883
"Haditha",2505,11.0943883
"Haditha",2506,11.0943883
"Haditha",2507,11.0943883
"Haditha",2508,11.0943883
"Haditha",2509,5.547194152
"Haditha",2510,5.547194152
"Haditha",2511,5.547194152
"Haditha",2512,5.547194152
"Haditha",2513,5.547194152
"Haditha",2514,5.547194152
"Haditha",2515,5.547194152
"Haditha",2516,5.547194152
"Haditha",2517,5.547194152
"Haditha",2518,5.547194152
"Haditha",2519,5.547194152
"Haditha",2520,5.547194152
"Haditha",2521,5.547194152
"Haditha",2522,5.547194152
"Haditha",2523,5.547194152
"Haditha",2524,5.547194152
"Haditha",2525,5.547194152
"Haditha",2526,5.547194152
"Haditha",2527,5.547194152
"Haditha",2528,5.547194152
"Haditha",2529,5.547194152
"Haditha",2530,5.547194152
"Haditha",2531,5.547194152
"Haditha",2532,5.547194152
"Haditha",2533,5.547194152
"Haditha",2534,5.547194152
"Haditha",2535,5.547194152
"Haditha",2536,5.547194152
"Haditha",2537,5.547194152
"Haditha",2538,5.547194152
"Haditha",2539,5.547194152
"Hatra",2496,6.704459694
"Hatra",2497,6.704459694
"Hatra",2498,6.704459694
"Hatra",2499,6.704459694
"Hatra",2500,6.704459694
"Hatra",2501,6.704459694
"Hatra",2502,6.704459694
"Hatra",2503,6.704459694
"Hatra",2504,6.704459694
"Hatra",2505,6.704459694
"Hatra",2506,6.704459694
"Hatra",2507,6.704459694
"Hatra",2508,6.704459694
"Hatra",2509,6.704459694
"Hatra",2510,6.704459694
"Hatra",2511,6.704459694
"Hatra",2512,6.704459694
"Hatra",2513,6.704459694
"Hatra",2514,6.704459694
"Hatra",2515,6.704459694
"Hatra",2516,6.704459694
"Hatra",2517,6.704459694
"Hatra",2518,6.704459694
"Hatra",2519,6.704459694
"Hatra",2520,6.704459694
"Hatra",2521,6.704459694
"Hatra",2522,6.704459694
"Hatra",2523,6.704459694
"Hatra",2524,6.704459694
"Hatra",2525,6.704459694
"Hatra",2526,6.704459694
"Hatra",2527,6.704459694
"Hatra",2528,6.704459694
"Hatra",2529,6.704459694
"Hatra",2530,6.704459694
"Hatra",2531,6.704459694
"Hatra",2532,6.704459694
"Hatra",2533,6.704459694
"Hatra",2534,6.704459694
"Hatra",2535,6.704459694
"Hatra",2536,6.704459694
"Hatra",2537,6.704459694
"Hatra",2538,6.704459694
"Hatra",2539,6.704459694
"Heet",2293,6.6876458
"Heet",2294,6.6876458
"Heet",2295,6.6876458
"Heet",2296,6.6876458
"Heet",2297,7.904377169
"Heet",2298,7.904377169
"Heet",2299,7.904377169
"Heet",2300,7.904377169
"Heet",2301,3.952188585
"Heet",2302,3.952188585
"Heet",2303,3.952188585
"Heet",2304,3.952188585
"Heet",2305,3.952188585
"Heet",2306,7.904377169
"Heet",2307,7.904377169
"Heet",2308,7.904377169
"Heet",2309,7.904377169
"Heet",2310,7.904377169
"Heet",2311,7.904377169
"Heet",2312,7.904377169
"Heet",2313,7.904377169
"Heet",2314,7.904377169
"Heet",2315,7.904377169
"Heet",2316,7.904377169
"Heet",2317,7.904377169
"Heet",2318,7.904377169
"Heet",2319,3.952188585
"Heet",2320,3.952188585
"Heet",2321,3.952188585
"Heet",2322,3.952188585
"Heet",2323,5.928282877
"Heet",2324,5.928282877
"Heet",2325,5.928282877
"Heet",2326,5.928282877
"Heet",2327,5.928282877
"Heet",2328,5.928282877
"Heet",2329,5.928282877
"Heet",2330,5.928282877
"Heet",2331,5.928282877
"Heet",2332,5.928282877
"Heet",2333,5.928282877
"Heet",2334,5.928282877
"Heet",2335,5.928282877
"Heet",2336,5.928282877
"Heet",2337,5.928282877
"Heet",2338,5.928282877
"Heet",2339,5.928282877
"Heet",2340,5.656240865
"Heet",2341,5.656240865
"Heet",2342,5.656240865
"Heet",2343,5.656240865
"Heet",2344,5.656240865
"Heet",2345,8.84244373
"Heet",2346,8.84244373
"Heet",2347,8.84244373
"Heet",2348,8.84244373
"Heet",2349,3.770827243
"Heet",2350,3.770827243
"Heet",2351,3.770827243
"Heet",2352,3.770827243
"Heet",2353,3.770827243
"Heet",2354,3.770827243
"Heet",2355,3.770827243
"Heet",2356,3.770827243
"Heet",2357,3.770827243
"Heet",2358,3.770827243
"Heet",2359,3.770827243
"Heet",2360,3.770827243
"Heet",2361,3.770827243
"Heet",2362,3.770827243
"Heet",2363,3.770827243
"Heet",2364,3.770827243
"Heet",2365,3.770827243
"Heet",2366,3.770827243
"Heet",2367,3.770827243
"Heet",2368,3.770827243
"Heet",2369,3.770827243
"Heet",2370,3.770827243
"Heet",2371,3.770827243
"Heet",2372,3.770827243
"Heet",2373,3.770827243
"Heet",2374,3.770827243
"Heet",2375,3.770827243
"Heet",2376,3.770827243
"Heet",2377,3.770827243
"Heet",2378,3.770827243
"Heet",2379,7.541654487
"Heet",2380,7.541654487
"Heet",2381,7.541654487
"Heet",2382,7.541654487
"Heet",2383,7.541654487
"Heet",2384,7.541654487
"Heet",2385,7.541654487
"Heet",2386,7.541654487
"Heet",2387,7.541654487
"Heet",2388,7.541654487
"Heet",2389,7.541654487
"Heet",2390,7.541654487
"Heet",2391,7.541654487
"Heet",2392,7.26062258
"Heet",2393,7.26062258
"Heet",2394,7.26062258
"Heet",2395,7.26062258
"Heet",2396,7.26062258
"Heet",2397,7.26062258
"Heet",2398,7.26062258
"Heet",2399,7.26062258
"Heet",2400,7.26062258
"Heet",2401,12.11711875
"Heet",2402,12.11711875
"Heet",2403,12.11711875
"Heet",2404,12.11711875
"Heet",2405,12.11711875
"Heet",2406,12.11711875
"Heet",2407,12.11711875
"Heet",2408,12.11711875
"Heet",2409,12.11711875
"Heet",2410,12.11711875
"Heet",2411,12.11711875
"Heet",2412,12.11711875
"Heet",2413,12.11711875
"Heet",2414,4.856496167
"Heet",2415,4.856496167
"Heet",2416,4.856496167
"Heet",2417,4.856496167
"Heet",2418,4.856496167
"Heet",2419,4.856496167
"Heet",2420,4.856496167
"Heet",2421,4.856496167
"Heet",2422,4.856496167
"Heet",2423,4.856496167
"Heet",2424,4.856496167
"Heet",2425,4.856496167
"Heet",2426,4.856496167
"Heet",2427,4.856496167
"Heet",2428,4.856496167
"Heet",2429,4.856496167
"Heet",2430,4.856496167
"Heet",2431,9.43961341
"Heet",2432,9.43961341
"Heet",2433,9.43961341
"Heet",2434,9.43961341
"Heet",2435,9.43961341
"Heet",2436,9.43961341
"Heet",2437,9.43961341
"Heet",2438,9.43961341
"Heet",2439,9.43961341
"Heet",2440,9.43961341
"Heet",2441,9.43961341
"Heet",2442,9.43961341
"Heet",2443,9.43961341
"Heet",2444,9.100493008
"Heet",2445,9.100493008
"Heet",2446,9.100493008
"Heet",2447,9.100493008
"Heet",2448,9.100493008
"Heet",2449,9.100493008
"Heet",2450,9.100493008
"Heet",2451,9.100493008
"Heet",2452,9.100493008
"Heet",2453,9.100493008
"Heet",2454,9.100493008
"Heet",2455,9.100493008
"Heet",2456,9.100493008
"Heet",2457,9.100493008
"Heet",2458,9.100493008
"Heet",2459,9.100493008
"Heet",2460,9.100493008
"Heet",2461,9.100493008
"Heet",2462,9.100493008
"Heet",2463,9.100493008
"Heet",2464,9.100493008
"Heet",2465,9.100493008
"Heet",2466,9.100493008
"Heet",2467,9.100493008
"Heet",2468,9.100493008
"Heet",2469,9.100493008
"Heet",2470,9.100493008
"Heet",2471,9.100493008
"Heet",2472,9.100493008
"Heet",2473,9.100493008
"Heet",2474,9.100493008
"Heet",2475,9.100493008
"Heet",2476,9.100493008
"Heet",2477,9.100493008
"Heet",2478,9.100493008
"Heet",2479,9.100493008
"Heet",2480,9.100493008
"Heet",2481,9.100493008
"Heet",2482,9.100493008
"Heet",2483,4.682025364
"Heet",2484,4.682025364
"Heet",2485,4.682025364
"Heet",2486,4.682025364
"Heet",2487,4.682025364
"Heet",2488,6.999782952
"Heet",2489,6.999782952
"Heet",2490,6.999782952
"Heet",2491,6.999782952
"Heet",2492,6.999782952
"Heet",2493,6.999782952
"Heet",2494,6.999782952
"Heet",2495,6.999782952
"Heet",2496,6.757034837
"Heet",2497,6.757034837
"Heet",2498,6.757034837
"Heet",2499,6.757034837
"Heet",2500,6.757034837
"Heet",2501,6.757034837
"Heet",2502,6.757034837
"Heet",2503,6.757034837
"Heet",2504,6.757034837
"Heet",2505,6.757034837
"Heet",2506,6.757034837
"Heet",2507,6.757034837
"Heet",2508,6.757034837
"Heet",2509,3.378517418
"Heet",2510,3.378517418
"Heet",2511,3.378517418
"Heet",2512,3.378517418
"Heet",2513,3.378517418
"Heet",2514,3.378517418
"Heet",2515,3.378517418
"Heet",2516,3.378517418
"Heet",2517,3.378517418
"Heet",2518,3.378517418
"Heet",2519,3.378517418
"Heet",2520,3.378517418
"Heet",2521,3.378517418
"Heet",2522,3.378517418
"Heet",2523,3.378517418
"Heet",2524,3.378517418
"Heet",2525,3.378517418
"Heet",2526,3.378517418
"Heet",2527,3.378517418
"Heet",2528,3.378517418
"Heet",2529,3.378517418
"Heet",2530,3.378517418
"Heet",2531,3.378517418
"Heet",2532,3.378517418
"Heet",2533,3.378517418
"Heet",2534,3.378517418
"Heet",2535,3.378517418
"Heet",2536,3.378517418
"Heet",2537,3.378517418
"Heet",2538,3.378517418
"Heet",2539,3.378517418
"Karkh",2293,1.321570716
"Karkh",2294,1.321570716
"Karkh",2295,1.321570716
"Karkh",2296,1.321570716
"Karkh",2297,1.906381718
"Karkh",2298,1.906381718
"Karkh",2299,1.906381718
"Karkh",2300,1.906381718
"Karkh",2301,1.548855341
"Karkh",2302,1.548855341
"Karkh",2303,1.548855341
"Karkh",2304,1.548855341
"Karkh",2305,1.548855341
"Karkh",2306,1.629298776
"Karkh",2307,1.629298776
"Karkh",2308,1.629298776
"Karkh",2309,1.629298776
"Karkh",2310,2.077483627
"Karkh",2311,2.077483627
"Karkh",2312,2.077483627
"Karkh",2313,2.077483627
"Karkh",2314,2.463101363
"Karkh",2315,2.463101363
"Karkh",2316,2.463101363
"Karkh",2317,2.463101363
"Karkh",2318,2.463101363
"Karkh",2319,2.009170552
"Karkh",2320,2.009170552
"Karkh",2321,2.009170552
"Karkh",2322,2.009170552
"Karkh",2323,2.077483627
"Karkh",2324,2.077483627
"Karkh",2325,2.077483627
"Karkh",2326,2.077483627
"Karkh",2327,2.077483627
"Karkh",2328,2.077483627
"Karkh",2329,2.077483627
"Karkh",2330,2.077483627
"Karkh",2331,2.077483627
"Karkh",2332,2.417559312
"Karkh",2333,2.417559312
"Karkh",2334,2.417559312
"Karkh",2335,2.417559312
"Karkh",2336,2.417559312
"Karkh",2337,2.417559312
"Karkh",2338,2.417559312
"Karkh",2339,2.417559312
"Karkh",2340,2.491237405
"Karkh",2341,2.491237405
"Karkh",2342,2.491237405
"Karkh",2343,2.491237405
"Karkh",2344,2.491237405
"Karkh",2345,2.491237405
"Karkh",2346,2.491237405
"Karkh",2347,2.491237405
"Karkh",2348,2.491237405
"Karkh",2349,2.566142418
"Karkh",2350,2.566142418
"Karkh",2351,2.566142418
"Karkh",2352,2.566142418
"Karkh",2353,2.566142418
"Karkh",2354,2.566142418
"Karkh",2355,2.566142418
"Karkh",2356,2.566142418
"Karkh",2357,2.566142418
"Karkh",2358,1.899746098
"Karkh",2359,1.899746098
"Karkh",2360,1.899746098
"Karkh",2361,1.899746098
"Karkh",2362,1.899746098
"Karkh",2363,1.899746098
"Karkh",2364,1.899746098
"Karkh",2365,1.899746098
"Karkh",2366,1.899746098
"Karkh",2367,1.899746098
"Karkh",2368,1.899746098
"Karkh",2369,1.899746098
"Karkh",2370,1.899746098
"Karkh",2371,1.899746098
"Karkh",2372,1.899746098
"Karkh",2373,1.899746098
"Karkh",2374,1.899746098
"Karkh",2375,1.899746098
"Karkh",2376,1.899746098
"Karkh",2377,1.899746098
"Karkh",2378,1.899746098
"Karkh",2379,1.899746098
"Karkh",2380,1.899746098
"Karkh",2381,1.899746098
"Karkh",2382,1.899746098
"Karkh",2383,1.899746098
"Karkh",2384,1.739604347
"Karkh",2385,1.739604347
"Karkh",2386,1.739604347
"Karkh",2387,1.739604347
"Karkh",2388,1.739604347
"Karkh",2389,1.739604347
"Karkh",2390,1.739604347
"Karkh",2391,1.739604347
"Karkh",2392,1.255718341
"Karkh",2393,1.255718341
"Karkh",2394,1.255718341
"Karkh",2395,1.255718341
"Karkh",2396,1.255718341
"Karkh",2397,0.985915404
"Karkh",2398,0.985915404
"Karkh",2399,0.985915404
"Karkh",2400,0.985915404
"Karkh",2401,1.366665343
"Karkh",2402,1.366665343
"Karkh",2403,1.366665343
"Karkh",2404,1.366665343
"Karkh",2405,1.63646828
"Karkh",2406,1.63646828
"Karkh",2407,1.63646828
"Karkh",2408,1.63646828
"Karkh",2409,1.63646828
"Karkh",2410,1.63646828
"Karkh",2411,1.63646828
"Karkh",2412,1.63646828
"Karkh",2413,1.63646828
"Karkh",2414,2.078995526
"Karkh",2415,2.078995526
"Karkh",2416,2.078995526
"Karkh",2417,2.078995526
"Karkh",2418,1.854579999
"Karkh",2419,1.854579999
"Karkh",2420,1.854579999
"Karkh",2421,1.854579999
"Karkh",2422,1.854579999
"Karkh",2423,2.116818368
"Karkh",2424,2.116818368
"Karkh",2425,2.116818368
"Karkh",2426,2.116818368
"Karkh",2427,2.116818368
"Karkh",2428,2.116818368
"Karkh",2429,2.116818368
"Karkh",2430,2.116818368
"Karkh",2431,2.379056736
"Karkh",2432,2.379056736
"Karkh",2433,2.379056736
"Karkh",2434,2.379056736
"Karkh",2435,2.379056736
"Karkh",2436,2.230286893
"Karkh",2437,2.230286893
"Karkh",2438,2.230286893
"Karkh",2439,2.230286893
"Karkh",2440,2.611036831
"Karkh",2441,2.611036831
"Karkh",2442,2.611036831
"Karkh",2443,2.611036831
"Karkh",2444,3.465393477
"Karkh",2445,3.465393477
"Karkh",2446,3.465393477
"Karkh",2447,3.465393477
"Karkh",2448,3.465393477
"Karkh",2449,3.465393477
"Karkh",2450,3.465393477
"Karkh",2451,3.465393477
"Karkh",2452,3.465393477
"Karkh",2453,3.666125225
"Karkh",2454,3.666125225
"Karkh",2455,3.666125225
"Karkh",2456,3.666125225
"Karkh",2457,3.409976737
"Karkh",2458,3.409976737
"Karkh",2459,3.409976737
"Karkh",2460,3.409976737
"Karkh",2461,3.409976737
"Karkh",2462,4.97026584
"Karkh",2463,4.97026584
"Karkh",2464,4.97026584
"Karkh",2465,4.97026584
"Karkh",2466,5.866785546
"Karkh",2467,5.866785546
"Karkh",2468,5.866785546
"Karkh",2469,5.866785546
"Karkh",2470,5.866785546
"Karkh",2471,5.866785546
"Karkh",2472,5.866785546
"Karkh",2473,5.866785546
"Karkh",2474,5.866785546
"Karkh",2475,5.866785546
"Karkh",2476,5.866785546
"Karkh",2477,5.866785546
"Karkh",2478,5.866785546
"Karkh",2479,7.191245633
"Karkh",2480,7.191245633
"Karkh",2481,7.191245633
"Karkh",2482,7.191245633
"Karkh",2483,6.780546015
"Karkh",2484,6.780546015
"Karkh",2485,6.780546015
"Karkh",2486,6.780546015
"Karkh",2487,6.780546015
"Karkh",2488,5.664822315
"Karkh",2489,5.664822315
"Karkh",2490,5.664822315
"Karkh",2491,5.664822315
"Karkh",2492,5.449312771
"Karkh",2493,5.449312771
"Karkh",2494,5.449312771
"Karkh",2495,5.449312771
"Karkh",2496,5.853988481
"Karkh",2497,5.853988481
"Karkh",2498,5.853988481
"Karkh",2499,5.853988481
"Karkh",2500,5.853988481
"Karkh",2501,5.748077505
"Karkh",2502,5.748077505
"Karkh",2503,5.748077505
"Karkh",2504,5.748077505
"Karkh",2505,7.851854616
"Karkh",2506,7.851854616
"Karkh",2507,7.851854616
"Karkh",2508,7.851854616
"Karkh",2509,7.851854616
"Karkh",2510,7.851854616
"Karkh",2511,7.851854616
"Karkh",2512,7.851854616
"Karkh",2513,7.851854616
"Karkh",2514,6.381738059
"Karkh",2515,6.381738059
"Karkh",2516,6.381738059
"Karkh",2517,6.381738059
"Karkh",2518,6.170517875
"Karkh",2519,6.170517875
"Karkh",2520,6.170517875
"Karkh",2521,6.170517875
"Karkh",2522,3.813998663
"Karkh",2523,3.813998663
"Karkh",2524,3.813998663
"Karkh",2525,3.813998663
"Karkh",2526,3.813998663
"Karkh",2527,2.723597026
"Karkh",2528,2.723597026
"Karkh",2529,2.723597026
"Karkh",2530,2.723597026
"Karkh",2531,2.723597026
"Karkh",2532,2.723597026
"Karkh",2533,2.723597026
"Karkh",2534,2.723597026
"Karkh",2535,2.723597026
"Karkh",2536,2.723597026
"Karkh",2537,2.723597026
"Karkh",2538,2.723597026
"Karkh",2539,2.723597026
"Kerbala",2301,0.529093113
"Kerbala",2302,0.529093113
"Kerbala",2303,0.529093113
"Kerbala",2304,0.529093113
"Kerbala",2305,0.529093113
"Kerbala",2306,2.116372454
"Kerbala",2307,2.116372454
"Kerbala",2308,2.116372454
"Kerbala",2309,2.116372454
"Kerbala",2310,1.058186227
"Kerbala",2311,1.058186227
"Kerbala",2312,1.058186227
"Kerbala",2313,1.058186227
"Kerbala",2388,0.516357593
"Kerbala",2389,0.516357593
"Kerbala",2390,0.516357593
"Kerbala",2391,0.516357593
"Kerbala",2392,0.496049263
"Kerbala",2393,0.496049263
"Kerbala",2394,0.496049263
"Kerbala",2395,0.496049263
"Kerbala",2396,0.496049263
"Kerbala",2397,0.496049263
"Kerbala",2398,0.496049263
"Kerbala",2399,0.496049263
"Kerbala",2400,0.496049263
"Kerbala",2401,0.496049263
"Kerbala",2402,0.496049263
"Kerbala",2403,0.496049263
"Kerbala",2404,0.496049263
"Kerbala",2405,0.496049263
"Kerbala",2406,0.496049263
"Kerbala",2407,0.496049263
"Kerbala",2408,0.496049263
"Kerbala",2409,0.496049263
"Kerbala",2410,0.496049263
"Kerbala",2411,0.496049263
"Kerbala",2412,0.496049263
"Kerbala",2413,0.496049263
"Kerbala",2414,0.496049263
"Kerbala",2415,0.496049263
"Kerbala",2416,0.496049263
"Kerbala",2417,0.496049263
"Kerbala",2418,0.496049263
"Kerbala",2419,0.496049263
"Kerbala",2420,0.496049263
"Kerbala",2421,0.496049263
"Kerbala",2422,0.496049263
"Kerbala",2423,0.496049263
"Kerbala",2424,0.496049263
"Kerbala",2425,0.496049263
"Kerbala",2426,0.496049263
"Kerbala",2427,0.496049263
"Kerbala",2428,0.496049263
"Kerbala",2429,0.496049263
"Kerbala",2430,0.496049263
"Kerbala",2431,0.496049263
"Kerbala",2432,0.496049263
"Kerbala",2433,0.496049263
"Kerbala",2434,0.496049263
"Kerbala",2435,0.496049263
"Kerbala",2436,1.153068155
"Kerbala",2437,1.153068155
"Kerbala",2438,1.153068155
"Kerbala",2439,1.153068155
"Kerbala",2440,1.153068155
"Kerbala",2441,1.153068155
"Kerbala",2442,1.153068155
"Kerbala",2443,1.153068155
"Kerbala",2444,1.109434141
"Kerbala",2445,1.109434141
"Kerbala",2446,1.109434141
"Kerbala",2447,1.109434141
"Kerbala",2448,1.109434141
"Kerbala",2449,1.109434141
"Kerbala",2450,1.109434141
"Kerbala",2451,1.109434141
"Kerbala",2452,1.109434141
"Kerbala",2453,2.225189844
"Kerbala",2454,2.225189844
"Kerbala",2455,2.225189844
"Kerbala",2456,2.225189844
"Kerbala",2457,1.109434141
"Kerbala",2458,1.109434141
"Kerbala",2459,1.109434141
"Kerbala",2460,1.109434141
"Kerbala",2461,1.109434141
"Kerbala",2462,1.109434141
"Kerbala",2463,1.109434141
"Kerbala",2464,1.109434141
"Kerbala",2465,1.109434141
"Kerbala",2466,1.109434141
"Kerbala",2467,1.109434141
"Kerbala",2468,1.109434141
"Kerbala",2469,1.109434141
"Kerbala",2470,1.109434141
"Kerbala",2471,1.109434141
"Kerbala",2472,1.109434141
"Kerbala",2473,1.109434141
"Kerbala",2474,1.109434141
"Kerbala",2475,1.109434141
"Kerbala",2476,1.109434141
"Kerbala",2477,1.109434141
"Kerbala",2478,1.109434141
"Kerbala",2479,1.109434141
"Kerbala",2480,1.109434141
"Kerbala",2481,1.109434141
"Kerbala",2482,1.109434141
"Kerbala",2483,1.109434141
"Kerbala",2484,1.109434141
"Kerbala",2485,1.109434141
"Kerbala",2486,1.109434141
"Kerbala",2487,1.109434141
"Kerbala",2488,1.109434141
"Kerbala",2489,1.109434141
"Kerbala",2490,1.109434141
"Kerbala",2491,1.109434141
"Khadamiya",2293,0.760214597
"Khadamiya",2294,0.760214597
"Khadamiya",2295,0.760214597
"Khadamiya",2296,0.760214597
"Khadamiya",2297,1.029562153
"Khadamiya",2298,1.029562153
"Khadamiya",2299,1.029562153
"Khadamiya",2300,1.029562153
"Khadamiya",2301,1.47134249
"Khadamiya",2302,1.47134249
"Khadamiya",2303,1.47134249
"Khadamiya",2304,1.47134249
"Khadamiya",2305,1.47134249
"Khadamiya",2306,1.47134249
"Khadamiya",2307,1.47134249
"Khadamiya",2308,1.47134249
"Khadamiya",2309,1.47134249
"Khadamiya",2310,1.47134249
"Khadamiya",2311,1.47134249
"Khadamiya",2312,1.47134249
"Khadamiya",2313,1.47134249
"Khadamiya",2314,1.47134249
"Khadamiya",2315,1.47134249
"Khadamiya",2316,1.47134249
"Khadamiya",2317,1.47134249
"Khadamiya",2318,1.47134249
"Khadamiya",2319,0.134673778
"Khadamiya",2320,0.134673778
"Khadamiya",2321,0.134673778
"Khadamiya",2322,0.134673778
"Khadamiya",2323,2.231557087
"Khadamiya",2324,2.231557087
"Khadamiya",2325,2.231557087
"Khadamiya",2326,2.231557087
"Khadamiya",2327,2.231557087
"Khadamiya",2328,2.231557087
"Khadamiya",2329,2.231557087
"Khadamiya",2330,2.231557087
"Khadamiya",2331,2.231557087
"Khadamiya",2332,2.706900982
"Khadamiya",2333,2.706900982
"Khadamiya",2334,2.706900982
"Khadamiya",2335,2.706900982
"Khadamiya",2336,2.706900982
"Khadamiya",2337,2.706900982
"Khadamiya",2338,2.706900982
"Khadamiya",2339,2.706900982
"Khadamiya",2340,4.15083961
"Khadamiya",2341,4.15083961
"Khadamiya",2342,4.15083961
"Khadamiya",2343,4.15083961
"Khadamiya",2344,4.15083961
"Khadamiya",2345,3.261102387
"Khadamiya",2346,3.261102387
"Khadamiya",2347,3.261102387
"Khadamiya",2348,3.261102387
"Khadamiya",2349,2.927767786
"Khadamiya",2350,2.927767786
"Khadamiya",2351,2.927767786
"Khadamiya",2352,2.927767786
"Khadamiya",2353,2.927767786
"Khadamiya",2354,2.927767786
"Khadamiya",2355,2.927767786
"Khadamiya",2356,2.927767786
"Khadamiya",2357,2.927767786
"Khadamiya",2358,2.162238893
"Khadamiya",2359,2.162238893
"Khadamiya",2360,2.162238893
"Khadamiya",2361,2.162238893
"Khadamiya",2362,2.162238893
"Khadamiya",2363,2.162238893
"Khadamiya",2364,2.162238893
"Khadamiya",2365,2.162238893
"Khadamiya",2366,2.162238893
"Khadamiya",2367,2.162238893
"Khadamiya",2368,2.162238893
"Khadamiya",2369,2.162238893
"Khadamiya",2370,2.162238893
"Khadamiya",2371,2.162238893
"Khadamiya",2372,2.162238893
"Khadamiya",2373,2.162238893
"Khadamiya",2374,2.162238893
"Khadamiya",2375,2.162238893
"Khadamiya",2376,2.162238893
"Khadamiya",2377,2.162238893
"Khadamiya",2378,2.162238893
"Khadamiya",2379,2.162238893
"Khadamiya",2380,2.162238893
"Khadamiya",2381,2.162238893
"Khadamiya",2382,2.162238893
"Khadamiya",2383,2.162238893
"Khadamiya",2384,2.162238893
"Khadamiya",2385,2.162238893
"Khadamiya",2386,2.162238893
"Khadamiya",2387,2.162238893
"Khadamiya",2388,0.382764447
"Khadamiya",2389,0.382764447
"Khadamiya",2390,0.382764447
"Khadamiya",2391,0.382764447
"Khadamiya",2392,1.272697675
"Khadamiya",2393,1.272697675
"Khadamiya",2394,1.272697675
"Khadamiya",2395,1.272697675
"Khadamiya",2396,1.272697675
"Khadamiya",2397,1.272697675
"Khadamiya",2398,1.272697675
"Khadamiya",2399,1.272697675
"Khadamiya",2400,1.272697675
"Khadamiya",2401,1.272697675
"Khadamiya",2402,1.272697675
"Khadamiya",2403,1.272697675
"Khadamiya",2404,1.272697675
"Khadamiya",2405,1.272697675
"Khadamiya",2406,1.272697675
"Khadamiya",2407,1.272697675
"Khadamiya",2408,1.272697675
"Khadamiya",2409,1.272697675
"Khadamiya",2410,1.272697675
"Khadamiya",2411,1.272697675
"Khadamiya",2412,1.272697675
"Khadamiya",2413,1.272697675
"Khadamiya",2414,1.272697675
"Khadamiya",2415,1.272697675
"Khadamiya",2416,1.272697675
"Khadamiya",2417,1.272697675
"Khadamiya",2418,1.272697675
"Khadamiya",2419,1.272697675
"Khadamiya",2420,1.272697675
"Khadamiya",2421,1.272697675
"Khadamiya",2422,1.272697675
"Khadamiya",2423,1.272697675
"Khadamiya",2424,1.272697675
"Khadamiya",2425,1.272697675
"Khadamiya",2426,1.272697675
"Khadamiya",2427,1.272697675
"Khadamiya",2428,1.272697675
"Khadamiya",2429,1.272697675
"Khadamiya",2430,1.272697675
"Khadamiya",2431,1.272697675
"Khadamiya",2432,1.272697675
"Khadamiya",2433,1.272697675
"Khadamiya",2434,1.272697675
"Khadamiya",2435,1.272697675
"Khadamiya",2436,1.272697675
"Khadamiya",2437,1.272697675
"Khadamiya",2438,1.272697675
"Khadamiya",2439,1.272697675
"Khadamiya",2440,1.272697675
"Khadamiya",2441,1.272697675
"Khadamiya",2442,1.272697675
"Khadamiya",2443,1.272697675
"Khadamiya",2444,1.239260046
"Khadamiya",2445,1.239260046
"Khadamiya",2446,1.239260046
"Khadamiya",2447,1.239260046
"Khadamiya",2448,1.239260046
"Khadamiya",2449,1.239260046
"Khadamiya",2450,1.239260046
"Khadamiya",2451,1.239260046
"Khadamiya",2452,1.239260046
"Khadamiya",2453,1.239260046
"Khadamiya",2454,1.239260046
"Khadamiya",2455,1.239260046
"Khadamiya",2456,1.239260046
"Khadamiya",2457,2.082245078
"Khadamiya",2458,2.082245078
"Khadamiya",2459,2.082245078
"Khadamiya",2460,2.082245078
"Khadamiya",2461,2.082245078
"Khadamiya",2462,2.082245078
"Khadamiya",2463,2.082245078
"Khadamiya",2464,2.082245078
"Khadamiya",2465,2.082245078
"Khadamiya",2466,2.082245078
"Khadamiya",2467,2.082245078
"Khadamiya",2468,2.082245078
"Khadamiya",2469,2.082245078
"Khadamiya",2470,2.082245078
"Khadamiya",2471,2.082245078
"Khadamiya",2472,2.082245078
"Khadamiya",2473,2.082245078
"Khadamiya",2474,2.082245078
"Khadamiya",2475,2.082245078
"Khadamiya",2476,2.082245078
"Khadamiya",2477,2.082245078
"Khadamiya",2478,2.082245078
"Khadamiya",2479,2.082245078
"Khadamiya",2480,2.082245078
"Khadamiya",2481,2.082245078
"Khadamiya",2482,2.082245078
"Khadamiya",2483,2.082245078
"Khadamiya",2484,2.082245078
"Khadamiya",2485,2.082245078
"Khadamiya",2486,2.082245078
"Khadamiya",2487,2.082245078
"Khadamiya",2488,2.082245078
"Khadamiya",2489,2.082245078
"Khadamiya",2490,2.082245078
"Khadamiya",2491,2.082245078
"Khadamiya",2492,2.082245078
"Khadamiya",2493,2.082245078
"Khadamiya",2494,2.082245078
"Khadamiya",2495,2.082245078
"Khadamiya",2496,2.028938704
"Khadamiya",2497,2.028938704
"Khadamiya",2498,2.028938704
"Khadamiya",2499,2.028938704
"Khadamiya",2500,2.028938704
"Khadamiya",2501,2.019577971
"Khadamiya",2502,2.019577971
"Khadamiya",2503,2.019577971
"Khadamiya",2504,2.019577971
"Khadamiya",2505,2.840982222
"Khadamiya",2506,2.840982222
"Khadamiya",2507,2.840982222
"Khadamiya",2508,2.840982222
"Khadamiya",2509,2.134246941
"Khadamiya",2510,2.134246941
"Khadamiya",2511,2.134246941
"Khadamiya",2512,2.134246941
"Khadamiya",2513,2.134246941
"Khadamiya",2514,2.134246941
"Khadamiya",2515,2.134246941
"Khadamiya",2516,2.134246941
"Khadamiya",2517,2.134246941
"Khadamiya",2518,2.550799524
"Khadamiya",2519,2.550799524
"Khadamiya",2520,2.550799524
"Khadamiya",2521,2.550799524
"Khadamiya",2522,2.550799524
"Khadamiya",2523,2.550799524
"Khadamiya",2524,2.550799524
"Khadamiya",2525,2.550799524
"Khadamiya",2526,2.550799524
"Khadamiya",2527,2.550799524
"Khadamiya",2528,2.550799524
"Khadamiya",2529,2.550799524
"Khadamiya",2530,2.550799524
"Khadamiya",2531,2.550799524
"Khadamiya",2532,2.550799524
"Khadamiya",2533,2.550799524
"Khadamiya",2534,2.550799524
"Khadamiya",2535,2.550799524
"Khadamiya",2536,2.550799524
"Khadamiya",2537,2.550799524
"Khadamiya",2538,2.550799524
"Khadamiya",2539,2.550799524
"Khanaqin",2293,1.284914859
"Khanaqin",2294,1.284914859
"Khanaqin",2295,1.284914859
"Khanaqin",2296,1.284914859
"Khanaqin",2297,1.208860709
"Khanaqin",2298,1.208860709
"Khanaqin",2299,1.208860709
"Khanaqin",2300,1.208860709
"Khanaqin",2301,1.208860709
"Khanaqin",2302,1.208860709
"Khanaqin",2303,1.208860709
"Khanaqin",2304,1.208860709
"Khanaqin",2305,1.208860709
"Khanaqin",2306,1.208860709
"Khanaqin",2307,1.208860709
"Khanaqin",2308,1.208860709
"Khanaqin",2309,1.208860709
"Khanaqin",2310,1.208860709
"Khanaqin",2311,1.208860709
"Khanaqin",2312,1.208860709
"Khanaqin",2313,1.208860709
"Khanaqin",2314,1.208860709
"Khanaqin",2315,1.208860709
"Khanaqin",2316,1.208860709
"Khanaqin",2317,1.208860709
"Khanaqin",2318,1.208860709
"Khanaqin",2319,1.208860709
"Khanaqin",2320,1.208860709
"Khanaqin",2321,1.208860709
"Khanaqin",2322,1.208860709
"Khanaqin",2323,1.208860709
"Khanaqin",2324,1.208860709
"Khanaqin",2325,1.208860709
"Khanaqin",2326,1.208860709
"Khanaqin",2327,1.208860709
"Khanaqin",2328,1.208860709
"Khanaqin",2329,1.208860709
"Khanaqin",2330,1.208860709
"Khanaqin",2331,1.208860709
"Khanaqin",2332,1.208860709
"Khanaqin",2333,1.208860709
"Khanaqin",2334,1.208860709
"Khanaqin",2335,1.208860709
"Khanaqin",2336,1.208860709
"Khanaqin",2337,1.208860709
"Khanaqin",2338,1.208860709
"Khanaqin",2339,1.208860709
"Khanaqin",2340,6.150098045
"Khanaqin",2341,6.150098045
"Khanaqin",2342,6.150098045
"Khanaqin",2343,6.150098045
"Khanaqin",2344,6.150098045
"Khanaqin",2345,4.355576683
"Khanaqin",2346,4.355576683
"Khanaqin",2347,4.355576683
"Khanaqin",2348,4.355576683
"Khanaqin",2349,4.355576683
"Khanaqin",2350,4.355576683
"Khanaqin",2351,4.355576683
"Khanaqin",2352,4.355576683
"Khanaqin",2353,4.355576683
"Khanaqin",2354,4.355576683
"Khanaqin",2355,4.355576683
"Khanaqin",2356,4.355576683
"Khanaqin",2357,4.355576683
"Khanaqin",2358,4.355576683
"Khanaqin",2359,4.355576683
"Khanaqin",2360,4.355576683
"Khanaqin",2361,4.355576683
"Khanaqin",2362,3.660348208
"Khanaqin",2363,3.660348208
"Khanaqin",2364,3.660348208
"Khanaqin",2365,3.660348208
"Khanaqin",2366,3.660348208
"Khanaqin",2367,3.660348208
"Khanaqin",2368,3.660348208
"Khanaqin",2369,3.660348208
"Khanaqin",2370,3.660348208
"Khanaqin",2371,3.660348208
"Khanaqin",2372,3.660348208
"Khanaqin",2373,3.660348208
"Khanaqin",2374,3.660348208
"Khanaqin",2375,3.660348208
"Khanaqin",2376,3.660348208
"Khanaqin",2377,3.660348208
"Khanaqin",2378,3.660348208
"Khanaqin",2379,3.660348208
"Khanaqin",2380,3.660348208
"Khanaqin",2381,3.660348208
"Khanaqin",2382,3.660348208
"Khanaqin",2383,3.660348208
"Khanaqin",2384,3.660348208
"Khanaqin",2385,3.660348208
"Khanaqin",2386,3.660348208
"Khanaqin",2387,3.660348208
"Khanaqin",2388,3.660348208
"Khanaqin",2389,3.660348208
"Khanaqin",2390,3.660348208
"Khanaqin",2391,3.660348208
"Khanaqin",2392,1.0245135
"Khanaqin",2393,1.0245135
"Khanaqin",2394,1.0245135
"Khanaqin",2395,1.0245135
"Khanaqin",2396,1.0245135
"Khanaqin",2397,1.0245135
"Khanaqin",2398,1.0245135
"Khanaqin",2399,1.0245135
"Khanaqin",2400,1.0245135
"Khanaqin",2401,1.0245135
"Khanaqin",2402,1.0245135
"Khanaqin",2403,1.0245135
"Khanaqin",2404,1.0245135
"Khanaqin",2405,1.0245135
"Khanaqin",2406,1.0245135
"Khanaqin",2407,1.0245135
"Khanaqin",2408,1.0245135
"Khanaqin",2409,1.0245135
"Khanaqin",2410,2.049027
"Khanaqin",2411,2.049027
"Khanaqin",2412,2.049027
"Khanaqin",2413,2.049027
"Khanaqin",2414,2.049027
"Khanaqin",2415,2.049027
"Khanaqin",2416,2.049027
"Khanaqin",2417,2.049027
"Khanaqin",2418,2.049027
"Khanaqin",2419,2.049027
"Khanaqin",2420,2.049027
"Khanaqin",2421,2.049027
"Khanaqin",2422,2.049027
"Khanaqin",2423,2.049027
"Khanaqin",2424,2.049027
"Khanaqin",2425,2.049027
"Khanaqin",2426,2.049027
"Khanaqin",2427,2.049027
"Khanaqin",2428,2.049027
"Khanaqin",2429,2.049027
"Khanaqin",2430,2.049027
"Khanaqin",2431,2.049027
"Khanaqin",2432,2.049027
"Khanaqin",2433,2.049027
"Khanaqin",2434,2.049027
"Khanaqin",2435,2.049027
"Khanaqin",2436,1.231718478
"Khanaqin",2437,1.231718478
"Khanaqin",2438,1.231718478
"Khanaqin",2439,1.231718478
"Khanaqin",2440,1.231718478
"Khanaqin",2441,1.231718478
"Khanaqin",2442,1.231718478
"Khanaqin",2443,1.231718478
"Khanaqin",2444,1.194249743
"Khanaqin",2445,1.194249743
"Khanaqin",2446,1.194249743
"Khanaqin",2447,1.194249743
"Khanaqin",2448,1.194249743
"Khanaqin",2449,1.194249743
"Khanaqin",2450,1.194249743
"Khanaqin",2451,1.194249743
"Khanaqin",2452,1.194249743
"Khanaqin",2453,1.194249743
"Khanaqin",2454,1.194249743
"Khanaqin",2455,1.194249743
"Khanaqin",2456,1.194249743
"Khanaqin",2457,1.194249743
"Khanaqin",2458,1.194249743
"Khanaqin",2459,1.194249743
"Khanaqin",2460,1.194249743
"Khanaqin",2461,1.194249743
"Khanaqin",2462,1.194249743
"Khanaqin",2463,1.194249743
"Khanaqin",2464,1.194249743
"Khanaqin",2465,1.194249743
"Khanaqin",2466,1.194249743
"Khanaqin",2467,1.194249743
"Khanaqin",2468,1.194249743
"Khanaqin",2469,1.194249743
"Khanaqin",2470,1.194249743
"Khanaqin",2471,1.194249743
"Khanaqin",2472,1.194249743
"Khanaqin",2473,1.194249743
"Khanaqin",2474,1.194249743
"Khanaqin",2475,1.194249743
"Khanaqin",2476,1.194249743
"Khanaqin",2477,1.194249743
"Khanaqin",2478,1.194249743
"Khanaqin",2479,1.194249743
"Khanaqin",2480,1.194249743
"Khanaqin",2481,1.194249743
"Khanaqin",2482,1.194249743
"Khanaqin",2483,1.194249743
"Khanaqin",2484,1.194249743
"Khanaqin",2485,1.194249743
"Khanaqin",2486,1.194249743
"Khanaqin",2487,1.194249743
"Khanaqin",2488,3.180945578
"Khanaqin",2489,3.180945578
"Khanaqin",2490,3.180945578
"Khanaqin",2491,3.180945578
"Khanaqin",2492,1.986695835
"Khanaqin",2493,1.986695835
"Khanaqin",2494,1.986695835
"Khanaqin",2495,1.986695835
"Khanaqin",2496,5.90869949
"Khanaqin",2497,5.90869949
"Khanaqin",2498,5.90869949
"Khanaqin",2499,5.90869949
"Khanaqin",2500,5.90869949
"Khanaqin",2501,6.049511761
"Khanaqin",2502,6.049511761
"Khanaqin",2503,6.049511761
"Khanaqin",2504,6.049511761
"Khanaqin",2505,1.91179736
"Khanaqin",2506,1.91179736
"Khanaqin",2507,1.91179736
"Khanaqin",2508,1.91179736
"Khanaqin",2509,1.91179736
"Khanaqin",2510,1.91179736
"Khanaqin",2511,1.91179736
"Khanaqin",2512,1.91179736
"Khanaqin",2513,1.91179736
"Khanaqin",2514,1.91179736
"Khanaqin",2515,1.91179736
"Khanaqin",2516,1.91179736
"Khanaqin",2517,1.91179736
"Khanaqin",2518,1.91179736
"Khanaqin",2519,1.91179736
"Khanaqin",2520,1.91179736
"Khanaqin",2521,1.91179736
"Khanaqin",2522,1.91179736
"Khanaqin",2523,1.91179736
"Khanaqin",2524,1.91179736
"Khanaqin",2525,1.91179736
"Khanaqin",2526,1.91179736
"Khanaqin",2527,1.91179736
"Khanaqin",2528,1.91179736
"Khanaqin",2529,1.91179736
"Khanaqin",2530,1.91179736
"Khanaqin",2531,1.91179736
"Khanaqin",2532,1.91179736
"Khanaqin",2533,1.91179736
"Khanaqin",2534,1.91179736
"Khanaqin",2535,1.91179736
"Khanaqin",2536,1.91179736
"Khanaqin",2537,1.91179736
"Khanaqin",2538,1.91179736
"Khanaqin",2539,1.91179736
"Kirkuk",2293,1.906978781
"Kirkuk",2294,1.906978781
"Kirkuk",2295,1.906978781
"Kirkuk",2296,1.906978781
"Kirkuk",2297,1.906978781
"Kirkuk",2298,1.906978781
"Kirkuk",2299,1.906978781
"Kirkuk",2300,1.906978781
"Kirkuk",2301,1.906978781
"Kirkuk",2302,1.906978781
"Kirkuk",2303,1.906978781
"Kirkuk",2304,1.906978781
"Kirkuk",2305,1.906978781
"Kirkuk",2306,1.906978781
"Kirkuk",2307,1.906978781
"Kirkuk",2308,1.906978781
"Kirkuk",2309,1.906978781
"Kirkuk",2310,2.996680941
"Kirkuk",2311,2.996680941
"Kirkuk",2312,2.996680941
"Kirkuk",2313,2.996680941
"Kirkuk",2314,2.996680941
"Kirkuk",2315,2.996680941
"Kirkuk",2316,2.996680941
"Kirkuk",2317,2.996680941
"Kirkuk",2318,2.996680941
"Kirkuk",2319,2.996680941
"Kirkuk",2320,2.996680941
"Kirkuk",2321,2.996680941
"Kirkuk",2322,2.996680941
"Kirkuk",2323,2.996680941
"Kirkuk",2324,2.996680941
"Kirkuk",2325,2.996680941
"Kirkuk",2326,2.996680941
"Kirkuk",2327,2.996680941
"Kirkuk",2328,2.996680941
"Kirkuk",2329,2.996680941
"Kirkuk",2330,2.996680941
"Kirkuk",2331,2.996680941
"Kirkuk",2332,2.996680941
"Kirkuk",2333,2.996680941
"Kirkuk",2334,2.996680941
"Kirkuk",2335,2.996680941
"Kirkuk",2336,1.72295623
"Kirkuk",2337,1.72295623
"Kirkuk",2338,1.72295623
"Kirkuk",2339,1.72295623
"Kirkuk",2340,1.724256223
"Kirkuk",2341,1.724256223
"Kirkuk",2342,1.724256223
"Kirkuk",2343,1.724256223
"Kirkuk",2344,1.724256223
"Kirkuk",2345,1.724256223
"Kirkuk",2346,1.724256223
"Kirkuk",2347,1.724256223
"Kirkuk",2348,1.724256223
"Kirkuk",2349,1.724256223
"Kirkuk",2350,1.724256223
"Kirkuk",2351,1.724256223
"Kirkuk",2352,1.724256223
"Kirkuk",2353,1.724256223
"Kirkuk",2354,1.724256223
"Kirkuk",2355,1.724256223
"Kirkuk",2356,1.724256223
"Kirkuk",2357,1.724256223
"Kirkuk",2358,1.724256223
"Kirkuk",2359,1.724256223
"Kirkuk",2360,1.724256223
"Kirkuk",2361,1.724256223
"Kirkuk",2362,1.724256223
"Kirkuk",2363,1.724256223
"Kirkuk",2364,1.724256223
"Kirkuk",2365,1.724256223
"Kirkuk",2366,1.724256223
"Kirkuk",2367,1.724256223
"Kirkuk",2368,1.724256223
"Kirkuk",2369,1.724256223
"Kirkuk",2370,1.724256223
"Kirkuk",2371,1.724256223
"Kirkuk",2372,1.724256223
"Kirkuk",2373,1.724256223
"Kirkuk",2374,1.724256223
"Kirkuk",2375,3.625451827
"Kirkuk",2376,3.625451827
"Kirkuk",2377,3.625451827
"Kirkuk",2378,3.625451827
"Kirkuk",2379,1.901195605
"Kirkuk",2380,1.901195605
"Kirkuk",2381,1.901195605
"Kirkuk",2382,1.901195605
"Kirkuk",2383,1.901195605
"Kirkuk",2384,1.901195605
"Kirkuk",2385,1.901195605
"Kirkuk",2386,1.901195605
"Kirkuk",2387,1.901195605
"Kirkuk",2388,1.901195605
"Kirkuk",2389,1.901195605
"Kirkuk",2390,1.901195605
"Kirkuk",2391,1.901195605
"Kirkuk",2392,1.870433823
"Kirkuk",2393,1.870433823
"Kirkuk",2394,1.870433823
"Kirkuk",2395,1.870433823
"Kirkuk",2396,1.870433823
"Kirkuk",2397,1.870433823
"Kirkuk",2398,1.870433823
"Kirkuk",2399,1.870433823
"Kirkuk",2400,1.870433823
"Kirkuk",2401,1.870433823
"Kirkuk",2402,1.870433823
"Kirkuk",2403,1.870433823
"Kirkuk",2404,1.870433823
"Kirkuk",2405,1.870433823
"Kirkuk",2406,1.870433823
"Kirkuk",2407,1.870433823
"Kirkuk",2408,1.870433823
"Kirkuk",2409,1.870433823
"Kirkuk",2410,1.870433823
"Kirkuk",2411,1.870433823
"Kirkuk",2412,1.870433823
"Kirkuk",2413,1.870433823
"Kirkuk",2414,1.870433823
"Kirkuk",2415,1.870433823
"Kirkuk",2416,1.870433823
"Kirkuk",2417,1.870433823
"Kirkuk",2418,1.870433823
"Kirkuk",2419,1.870433823
"Kirkuk",2420,1.870433823
"Kirkuk",2421,1.870433823
"Kirkuk",2422,1.870433823
"Kirkuk",2423,1.870433823
"Kirkuk",2424,1.870433823
"Kirkuk",2425,1.870433823
"Kirkuk",2426,1.870433823
"Kirkuk",2427,1.870433823
"Kirkuk",2428,1.870433823
"Kirkuk",2429,1.870433823
"Kirkuk",2430,1.870433823
"Kirkuk",2431,1.870433823
"Kirkuk",2432,1.870433823
"Kirkuk",2433,1.870433823
"Kirkuk",2434,1.870433823
"Kirkuk",2435,1.870433823
"Kirkuk",2436,1.870433823
"Kirkuk",2437,1.870433823
"Kirkuk",2438,1.870433823
"Kirkuk",2439,1.870433823
"Kirkuk",2440,1.870433823
"Kirkuk",2441,1.870433823
"Kirkuk",2442,1.870433823
"Kirkuk",2443,1.870433823
"Kirkuk",2444,1.840651657
"Kirkuk",2445,1.840651657
"Kirkuk",2446,1.840651657
"Kirkuk",2447,1.840651657
"Kirkuk",2448,1.840651657
"Kirkuk",2449,1.840651657
"Kirkuk",2450,1.840651657
"Kirkuk",2451,1.840651657
"Kirkuk",2452,1.840651657
"Kirkuk",2453,1.840651657
"Kirkuk",2454,1.840651657
"Kirkuk",2455,1.840651657
"Kirkuk",2456,1.840651657
"Kirkuk",2457,1.840651657
"Kirkuk",2458,1.840651657
"Kirkuk",2459,1.840651657
"Kirkuk",2460,1.840651657
"Kirkuk",2461,1.840651657
"Kirkuk",2462,1.840651657
"Kirkuk",2463,1.840651657
"Kirkuk",2464,1.840651657
"Kirkuk",2465,1.840651657
"Kirkuk",2466,1.840651657
"Kirkuk",2467,1.840651657
"Kirkuk",2468,1.840651657
"Kirkuk",2469,1.840651657
"Kirkuk",2470,1.840651657
"Kirkuk",2471,1.840651657
"Kirkuk",2472,1.840651657
"Kirkuk",2473,1.840651657
"Kirkuk",2474,1.840651657
"Kirkuk",2475,1.840651657
"Kirkuk",2476,1.840651657
"Kirkuk",2477,1.840651657
"Kirkuk",2478,1.840651657
"Kirkuk",2479,1.840651657
"Kirkuk",2480,1.840651657
"Kirkuk",2481,1.840651657
"Kirkuk",2482,1.840651657
"Kirkuk",2483,1.840651657
"Kirkuk",2484,1.840651657
"Kirkuk",2485,1.840651657
"Kirkuk",2486,1.840651657
"Kirkuk",2487,1.840651657
"Kirkuk",2488,2.462942246
"Kirkuk",2489,2.462942246
"Kirkuk",2490,2.462942246
"Kirkuk",2491,2.462942246
"Kirkuk",2492,2.462942246
"Kirkuk",2493,2.462942246
"Kirkuk",2494,2.462942246
"Kirkuk",2495,2.462942246
"Kirkuk",2496,2.424340447
"Kirkuk",2497,2.424340447
"Kirkuk",2498,2.424340447
"Kirkuk",2499,2.424340447
"Kirkuk",2500,2.424340447
"Kirkuk",2501,2.118071746
"Kirkuk",2502,2.118071746
"Kirkuk",2503,2.118071746
"Kirkuk",2504,2.118071746
"Kirkuk",2505,2.118071746
"Kirkuk",2506,2.118071746
"Kirkuk",2507,2.118071746
"Kirkuk",2508,2.118071746
"Kirkuk",2509,2.118071746
"Kirkuk",2510,2.118071746
"Kirkuk",2511,2.118071746
"Kirkuk",2512,2.118071746
"Kirkuk",2513,2.118071746
"Kirkuk",2514,2.118071746
"Kirkuk",2515,2.118071746
"Kirkuk",2516,2.118071746
"Kirkuk",2517,2.118071746
"Kirkuk",2518,1.811803045
"Kirkuk",2519,1.811803045
"Kirkuk",2520,1.811803045
"Kirkuk",2521,1.811803045
"Kirkuk",2522,1.811803045
"Kirkuk",2523,1.811803045
"Kirkuk",2524,1.811803045
"Kirkuk",2525,1.811803045
"Kirkuk",2526,1.811803045
"Kirkuk",2527,1.811803045
"Kirkuk",2528,1.811803045
"Kirkuk",2529,1.811803045
"Kirkuk",2530,1.811803045
"Kirkuk",2531,1.811803045
"Kirkuk",2532,1.811803045
"Kirkuk",2533,1.811803045
"Kirkuk",2534,1.811803045
"Kirkuk",2535,1.811803045
"Kirkuk",2536,1.811803045
"Kirkuk",2537,1.811803045
"Kirkuk",2538,1.811803045
"Kirkuk",2539,1.811803045
"Kufa",2306,1.421368837
"Kufa",2307,1.421368837
"Kufa",2308,1.421368837
"Kufa",2309,1.421368837
"Kufa",2310,2.113335145
"Kufa",2311,2.113335145
"Kufa",2312,2.113335145
"Kufa",2313,2.113335145
"Kufa",2314,2.113335145
"Kufa",2315,2.113335145
"Kufa",2316,2.113335145
"Kufa",2317,2.113335145
"Kufa",2318,2.113335145
"Kufa",2319,3.301633306
"Kufa",2320,3.301633306
"Kufa",2321,3.301633306
"Kufa",2322,3.301633306
"Kufa",2323,1.090480935
"Kufa",2324,1.090480935
"Kufa",2325,1.090480935
"Kufa",2326,1.090480935
"Kufa",2327,1.090480935
"Kufa",2328,1.090480935
"Kufa",2329,1.090480935
"Kufa",2330,1.090480935
"Kufa",2331,1.090480935
"Kufa",2332,1.090480935
"Kufa",2333,1.090480935
"Kufa",2334,1.090480935
"Kufa",2335,1.090480935
"Kufa",2336,1.090480935
"Kufa",2337,1.090480935
"Kufa",2338,1.090480935
"Kufa",2339,1.090480935
"Kufa",2340,1.118630588
"Kufa",2341,1.118630588
"Kufa",2342,1.118630588
"Kufa",2343,1.118630588
"Kufa",2344,1.118630588
"Kufa",2345,1.118630588
"Kufa",2346,1.118630588
"Kufa",2347,1.118630588
"Kufa",2348,1.118630588
"Kut",2301,2.904439384
"Kut",2302,2.904439384
"Kut",2303,2.904439384
"Kut",2304,2.904439384
"Kut",2305,2.904439384
"Kut",2306,2.873349045
"Kut",2307,2.873349045
"Kut",2308,2.873349045
"Kut",2309,2.873349045
"Kut",2310,2.298679236
"Kut",2311,2.298679236
"Kut",2312,2.298679236
"Kut",2313,2.298679236
"Kut",2479,1.812319123
"Kut",2480,1.812319123
"Kut",2481,1.812319123
"Kut",2482,1.812319123
"Kut",2483,1.812319123
"Kut",2484,1.812319123
"Kut",2485,1.812319123
"Kut",2486,1.812319123
"Kut",2487,1.812319123
"Kut",2488,1.812319123
"Kut",2489,1.812319123
"Kut",2490,1.812319123
"Kut",2491,1.812319123
"Kut",2492,1.812319123
"Kut",2493,1.812319123
"Kut",2494,1.812319123
"Kut",2495,1.812319123
"Kut",2496,1.761468995
"Kut",2497,1.761468995
"Kut",2498,1.761468995
"Kut",2499,1.761468995
"Kut",2500,1.761468995
"Kut",2501,0.880734497
"Kut",2502,0.880734497
"Kut",2503,0.880734497
"Kut",2504,0.880734497
"Kut",2505,0.880734497
"Kut",2506,0.880734497
"Kut",2507,0.880734497
"Kut",2508,0.880734497
"Kut",2509,0.880734497
"Kut",2510,0.880734497
"Kut",2511,0.880734497
"Kut",2512,0.880734497
"Kut",2513,0.880734497
"Mada'in",2353,1.373688096
"Mada'in",2354,1.373688096
"Mada'in",2355,1.373688096
"Mada'in",2356,1.373688096
"Mada'in",2357,1.373688096
"Mada'in",2358,1.373688096
"Mada'in",2359,1.373688096
"Mada'in",2360,1.373688096
"Mada'in",2361,1.373688096
"Mada'in",2362,1.373688096
"Mada'in",2363,1.373688096
"Mada'in",2364,1.373688096
"Mada'in",2365,1.373688096
"Mada'in",2366,1.373688096
"Mada'in",2367,1.373688096
"Mada'in",2368,1.373688096
"Mada'in",2369,1.373688096
"Mada'in",2370,1.373688096
"Mada'in",2371,1.373688096
"Mada'in",2372,1.373688096
"Mada'in",2373,1.373688096
"Mada'in",2374,1.373688096
"Mada'in",2375,1.373688096
"Mada'in",2376,1.373688096
"Mada'in",2377,1.373688096
"Mada'in",2378,1.373688096
"Mada'in",2379,1.373688096
"Mada'in",2380,1.373688096
"Mada'in",2381,1.373688096
"Mada'in",2382,1.373688096
"Mada'in",2383,1.373688096
"Mada'in",2384,1.373688096
"Mada'in",2385,1.373688096
"Mada'in",2386,1.373688096
"Mada'in",2387,1.373688096
"Mada'in",2388,1.373688096
"Mada'in",2389,1.373688096
"Mada'in",2390,1.373688096
"Mada'in",2391,1.373688096
"Mada'in",2392,0.368273259
"Mada'in",2393,0.368273259
"Mada'in",2394,0.368273259
"Mada'in",2395,0.368273259
"Mada'in",2396,0.368273259
"Mada'in",2397,0.368273259
"Mada'in",2398,0.368273259
"Mada'in",2399,0.368273259
"Mada'in",2400,0.368273259
"Mada'in",2401,0.368273259
"Mada'in",2402,0.368273259
"Mada'in",2403,0.368273259
"Mada'in",2404,0.368273259
"Mada'in",2405,0.368273259
"Mada'in",2406,0.368273259
"Mada'in",2407,0.368273259
"Mada'in",2408,0.368273259
"Mada'in",2409,0.368273259
"Mada'in",2410,0.368273259
"Mada'in",2411,0.368273259
"Mada'in",2412,0.368273259
"Mada'in",2413,0.368273259
"Mada'in",2414,0.368273259
"Mada'in",2415,0.368273259
"Mada'in",2416,0.368273259
"Mada'in",2417,0.368273259
"Mada'in",2418,0.368273259
"Mada'in",2419,0.368273259
"Mada'in",2420,0.368273259
"Mada'in",2421,0.368273259
"Mada'in",2422,0.368273259
"Mada'in",2423,0.368273259
"Mada'in",2424,0.368273259
"Mada'in",2425,0.368273259
"Mada'in",2426,0.368273259
"Mada'in",2427,0.368273259
"Mada'in",2428,0.368273259
"Mada'in",2429,0.368273259
"Mada'in",2430,0.368273259
"Mada'in",2431,0.368273259
"Mada'in",2432,0.368273259
"Mada'in",2433,0.368273259
"Mada'in",2434,0.368273259
"Mada'in",2435,0.368273259
"Mada'in",2457,3.100225608
"Mada'in",2458,3.100225608
"Mada'in",2459,3.100225608
"Mada'in",2460,3.100225608
"Mada'in",2461,3.100225608
"Mada'in",2462,3.100225608
"Mada'in",2463,3.100225608
"Mada'in",2464,3.100225608
"Mada'in",2465,3.100225608
"Mada'in",2466,3.100225608
"Mada'in",2467,3.100225608
"Mada'in",2468,3.100225608
"Mada'in",2469,3.100225608
"Mada'in",2470,3.100225608
"Mada'in",2471,3.100225608
"Mada'in",2472,3.100225608
"Mada'in",2473,3.100225608
"Mada'in",2474,3.100225608
"Mada'in",2475,3.100225608
"Mada'in",2476,3.100225608
"Mada'in",2477,3.100225608
"Mada'in",2478,3.100225608
"Mada'in",2479,3.100225608
"Mada'in",2480,3.100225608
"Mada'in",2481,3.100225608
"Mada'in",2482,3.100225608
"Mada'in",2483,3.100225608
"Mada'in",2484,3.100225608
"Mada'in",2485,3.100225608
"Mada'in",2486,3.100225608
"Mada'in",2487,3.100225608
"Mada'in",2488,3.100225608
"Mada'in",2489,3.100225608
"Mada'in",2490,3.100225608
"Mada'in",2491,3.100225608
"Mada'in",2492,3.100225608
"Mada'in",2493,3.100225608
"Mada'in",2494,3.100225608
"Mada'in",2495,3.100225608
"Mada'in",2496,3.004073839
"Mada'in",2497,3.004073839
"Mada'in",2498,3.004073839
"Mada'in",2499,3.004073839
"Mada'in",2500,3.004073839
"Mada'in",2501,3.004073839
"Mada'in",2502,3.004073839
"Mada'in",2503,3.004073839
"Mada'in",2504,3.004073839
"Mada'in",2505,3.004073839
"Mada'in",2506,3.004073839
"Mada'in",2507,3.004073839
"Mada'in",2508,3.004073839
"Mada'in",2509,5.047542671
"Mada'in",2510,5.047542671
"Mada'in",2511,5.047542671
"Mada'in",2512,5.047542671
"Mada'in",2513,5.047542671
"Mada'in",2514,5.047542671
"Mada'in",2515,5.047542671
"Mada'in",2516,5.047542671
"Mada'in",2517,5.047542671
"Mada'in",2518,5.559865341
"Mada'in",2519,5.559865341
"Mada'in",2520,5.559865341
"Mada'in",2521,5.559865341
"Mada'in",2522,5.559865341
"Mada'in",2523,5.559865341
"Mada'in",2524,5.559865341
"Mada'in",2525,5.559865341
"Mada'in",2526,5.559865341
"Mada'in",2527,1.758198254
"Mada'in",2528,1.758198254
"Mada'in",2529,1.758198254
"Mada'in",2530,1.758198254
"Mada'in",2531,3.516396509
"Mada'in",2532,3.516396509
"Mada'in",2533,3.516396509
"Mada'in",2534,3.516396509
"Mada'in",2535,3.516396509
"Mada'in",2536,3.516396509
"Mada'in",2537,3.516396509
"Mada'in",2538,3.516396509
"Mada'in",2539,3.516396509
"Mahmoudiya",2293,1.356937783
"Mahmoudiya",2294,1.356937783
"Mahmoudiya",2295,1.356937783
"Mahmoudiya",2296,1.356937783
"Mahmoudiya",2297,1.356937783
"Mahmoudiya",2298,1.356937783
"Mahmoudiya",2299,1.356937783
"Mahmoudiya",2300,1.356937783
"Mahmoudiya",2301,1.356937783
"Mahmoudiya",2302,1.356937783
"Mahmoudiya",2303,1.356937783
"Mahmoudiya",2304,1.356937783
"Mahmoudiya",2305,1.356937783
"Mahmoudiya",2306,1.356937783
"Mahmoudiya",2307,1.356937783
"Mahmoudiya",2308,1.356937783
"Mahmoudiya",2309,1.356937783
"Mahmoudiya",2310,1.577103185
"Mahmoudiya",2311,1.577103185
"Mahmoudiya",2312,1.577103185
"Mahmoudiya",2313,1.577103185
"Mahmoudiya",2314,1.577103185
"Mahmoudiya",2315,1.577103185
"Mahmoudiya",2316,1.577103185
"Mahmoudiya",2317,1.577103185
"Mahmoudiya",2318,1.577103185
"Mahmoudiya",2319,1.577103185
"Mahmoudiya",2320,1.577103185
"Mahmoudiya",2321,1.577103185
"Mahmoudiya",2322,1.577103185
"Mahmoudiya",2323,1.577103185
"Mahmoudiya",2324,1.577103185
"Mahmoudiya",2325,1.577103185
"Mahmoudiya",2326,1.577103185
"Mahmoudiya",2327,1.577103185
"Mahmoudiya",2328,1.577103185
"Mahmoudiya",2329,1.577103185
"Mahmoudiya",2330,1.577103185
"Mahmoudiya",2331,1.577103185
"Mahmoudiya",2332,3.154206371
"Mahmoudiya",2333,3.154206371
"Mahmoudiya",2334,3.154206371
"Mahmoudiya",2335,3.154206371
"Mahmoudiya",2336,3.832675263
"Mahmoudiya",2337,3.832675263
"Mahmoudiya",2338,3.832675263
"Mahmoudiya",2339,3.832675263
"Mahmoudiya",2340,2.830804178
"Mahmoudiya",2341,2.830804178
"Mahmoudiya",2342,2.830804178
"Mahmoudiya",2343,2.830804178
"Mahmoudiya",2344,2.830804178
"Mahmoudiya",2345,3.177610203
"Mahmoudiya",2346,3.177610203
"Mahmoudiya",2347,3.177610203
"Mahmoudiya",2348,3.177610203
"Mahmoudiya",2349,3.382803768
"Mahmoudiya",2350,3.382803768
"Mahmoudiya",2351,3.382803768
"Mahmoudiya",2352,3.382803768
"Mahmoudiya",2353,3.382803768
"Mahmoudiya",2354,3.382803768
"Mahmoudiya",2355,3.382803768
"Mahmoudiya",2356,3.382803768
"Mahmoudiya",2357,3.382803768
"Mahmoudiya",2358,4.691996512
"Mahmoudiya",2359,4.691996512
"Mahmoudiya",2360,4.691996512
"Mahmoudiya",2361,4.691996512
"Mahmoudiya",2362,4.691996512
"Mahmoudiya",2363,4.691996512
"Mahmoudiya",2364,4.691996512
"Mahmoudiya",2365,4.691996512
"Mahmoudiya",2366,6.001189256
"Mahmoudiya",2367,6.001189256
"Mahmoudiya",2368,6.001189256
"Mahmoudiya",2369,6.001189256
"Mahmoudiya",2370,6.001189256
"Mahmoudiya",2371,6.001189256
"Mahmoudiya",2372,6.001189256
"Mahmoudiya",2373,6.001189256
"Mahmoudiya",2374,6.001189256
"Mahmoudiya",2375,6.001189256
"Mahmoudiya",2376,6.001189256
"Mahmoudiya",2377,6.001189256
"Mahmoudiya",2378,6.001189256
"Mahmoudiya",2379,7.73521938
"Mahmoudiya",2380,7.73521938
"Mahmoudiya",2381,7.73521938
"Mahmoudiya",2382,7.73521938
"Mahmoudiya",2383,7.73521938
"Mahmoudiya",2384,7.73521938
"Mahmoudiya",2385,7.73521938
"Mahmoudiya",2386,7.73521938
"Mahmoudiya",2387,7.73521938
"Mahmoudiya",2388,4.904415202
"Mahmoudiya",2389,4.904415202
"Mahmoudiya",2390,4.904415202
"Mahmoudiya",2391,4.904415202
"Mahmoudiya",2392,8.56063154
"Mahmoudiya",2393,8.56063154
"Mahmoudiya",2394,8.56063154
"Mahmoudiya",2395,8.56063154
"Mahmoudiya",2396,8.56063154
"Mahmoudiya",2397,8.56063154
"Mahmoudiya",2398,8.56063154
"Mahmoudiya",2399,8.56063154
"Mahmoudiya",2400,8.56063154
"Mahmoudiya",2401,8.56063154
"Mahmoudiya",2402,8.56063154
"Mahmoudiya",2403,8.56063154
"Mahmoudiya",2404,8.56063154
"Mahmoudiya",2405,8.56063154
"Mahmoudiya",2406,8.56063154
"Mahmoudiya",2407,8.56063154
"Mahmoudiya",2408,8.56063154
"Mahmoudiya",2409,8.56063154
"Mahmoudiya",2410,7.298888873
"Mahmoudiya",2411,7.298888873
"Mahmoudiya",2412,7.298888873
"Mahmoudiya",2413,7.298888873
"Mahmoudiya",2414,5.832426369
"Mahmoudiya",2415,5.832426369
"Mahmoudiya",2416,5.832426369
"Mahmoudiya",2417,5.832426369
"Mahmoudiya",2418,6.037146205
"Mahmoudiya",2419,6.037146205
"Mahmoudiya",2420,6.037146205
"Mahmoudiya",2421,6.037146205
"Mahmoudiya",2422,6.037146205
"Mahmoudiya",2423,7.503608709
"Mahmoudiya",2424,7.503608709
"Mahmoudiya",2425,7.503608709
"Mahmoudiya",2426,7.503608709
"Mahmoudiya",2427,6.037146205
"Mahmoudiya",2428,6.037146205
"Mahmoudiya",2429,6.037146205
"Mahmoudiya",2430,6.037146205
"Mahmoudiya",2431,4.570683702
"Mahmoudiya",2432,4.570683702
"Mahmoudiya",2433,4.570683702
"Mahmoudiya",2434,4.570683702
"Mahmoudiya",2435,4.570683702
"Mahmoudiya",2436,2.932925008
"Mahmoudiya",2437,2.932925008
"Mahmoudiya",2438,2.932925008
"Mahmoudiya",2439,2.932925008
"Mahmoudiya",2440,2.932925008
"Mahmoudiya",2441,2.932925008
"Mahmoudiya",2442,2.932925008
"Mahmoudiya",2443,2.932925008
"Mahmoudiya",2444,3.548007975
"Mahmoudiya",2445,3.548007975
"Mahmoudiya",2446,3.548007975
"Mahmoudiya",2447,3.548007975
"Mahmoudiya",2448,3.548007975
"Mahmoudiya",2449,3.548007975
"Mahmoudiya",2450,3.548007975
"Mahmoudiya",2451,3.548007975
"Mahmoudiya",2452,3.548007975
"Mahmoudiya",2453,3.548007975
"Mahmoudiya",2454,3.548007975
"Mahmoudiya",2455,3.548007975
"Mahmoudiya",2456,3.548007975
"Mahmoudiya",2457,3.548007975
"Mahmoudiya",2458,3.548007975
"Mahmoudiya",2459,3.548007975
"Mahmoudiya",2460,3.548007975
"Mahmoudiya",2461,3.548007975
"Mahmoudiya",2462,3.548007975
"Mahmoudiya",2463,3.548007975
"Mahmoudiya",2464,3.548007975
"Mahmoudiya",2465,3.548007975
"Mahmoudiya",2466,4.265673224
"Mahmoudiya",2467,4.265673224
"Mahmoudiya",2468,4.265673224
"Mahmoudiya",2469,4.265673224
"Mahmoudiya",2470,4.265673224
"Mahmoudiya",2471,4.265673224
"Mahmoudiya",2472,4.265673224
"Mahmoudiya",2473,4.265673224
"Mahmoudiya",2474,4.265673224
"Mahmoudiya",2475,4.265673224
"Mahmoudiya",2476,4.265673224
"Mahmoudiya",2477,4.265673224
"Mahmoudiya",2478,4.265673224
"Mahmoudiya",2479,4.265673224
"Mahmoudiya",2480,4.265673224
"Mahmoudiya",2481,4.265673224
"Mahmoudiya",2482,4.265673224
"Mahmoudiya",2483,4.265673224
"Mahmoudiya",2484,4.265673224
"Mahmoudiya",2485,4.265673224
"Mahmoudiya",2486,4.265673224
"Mahmoudiya",2487,4.265673224
"Mahmoudiya",2488,4.265673224
"Mahmoudiya",2489,4.265673224
"Mahmoudiya",2490,4.265673224
"Mahmoudiya",2491,4.265673224
"Mahmoudiya",2492,4.410819005
"Mahmoudiya",2493,4.410819005
"Mahmoudiya",2494,4.410819005
"Mahmoudiya",2495,4.410819005
"Mahmoudiya",2496,4.261759281
"Mahmoudiya",2497,4.261759281
"Mahmoudiya",2498,4.261759281
"Mahmoudiya",2499,4.261759281
"Mahmoudiya",2500,4.261759281
"Mahmoudiya",2501,3.728065477
"Mahmoudiya",2502,3.728065477
"Mahmoudiya",2503,3.728065477
"Mahmoudiya",2504,3.728065477
"Mahmoudiya",2505,5.095412376
"Mahmoudiya",2506,5.095412376
"Mahmoudiya",2507,5.095412376
"Mahmoudiya",2508,5.095412376
"Mahmoudiya",2509,2.894412382
"Mahmoudiya",2510,2.894412382
"Mahmoudiya",2511,2.894412382
"Mahmoudiya",2512,2.894412382
"Mahmoudiya",2513,2.894412382
"Mahmoudiya",2514,2.894412382
"Mahmoudiya",2515,2.894412382
"Mahmoudiya",2516,2.894412382
"Mahmoudiya",2517,2.894412382
"Mahmoudiya",2518,2.894412382
"Mahmoudiya",2519,2.894412382
"Mahmoudiya",2520,2.894412382
"Mahmoudiya",2521,2.894412382
"Mahmoudiya",2522,2.894412382
"Mahmoudiya",2523,2.894412382
"Mahmoudiya",2524,2.894412382
"Mahmoudiya",2525,2.894412382
"Mahmoudiya",2526,2.894412382
"Mahmoudiya",2527,4.261759281
"Mahmoudiya",2528,4.261759281
"Mahmoudiya",2529,4.261759281
"Mahmoudiya",2530,4.261759281
"Mahmoudiya",2531,4.261759281
"Mahmoudiya",2532,4.261759281
"Mahmoudiya",2533,4.261759281
"Mahmoudiya",2534,4.261759281
"Mahmoudiya",2535,4.261759281
"Mahmoudiya",2536,4.261759281
"Mahmoudiya",2537,4.261759281
"Mahmoudiya",2538,4.261759281
"Mahmoudiya",2539,4.261759281
"Mosul",2297,0.871296442
"Mosul",2298,0.871296442
"Mosul",2299,0.871296442
"Mosul",2300,0.871296442
"Mosul",2301,0.871296442
"Mosul",2302,0.871296442
"Mosul",2303,0.871296442
"Mosul",2304,0.871296442
"Mosul",2305,0.871296442
"Mosul",2306,0.871296442
"Mosul",2307,0.871296442
"Mosul",2308,0.871296442
"Mosul",2309,0.871296442
"Mosul",2310,0.871296442
"Mosul",2311,0.871296442
"Mosul",2312,0.871296442
"Mosul",2313,0.871296442
"Mosul",2314,0.871296442
"Mosul",2315,0.871296442
"Mosul",2316,0.871296442
"Mosul",2317,0.871296442
"Mosul",2318,0.871296442
"Mosul",2319,0.871296442
"Mosul",2320,0.871296442
"Mosul",2321,0.871296442
"Mosul",2322,0.871296442
"Mosul",2323,0.871296442
"Mosul",2324,0.871296442
"Mosul",2325,0.871296442
"Mosul",2326,0.871296442
"Mosul",2327,0.871296442
"Mosul",2328,1.176423073
"Mosul",2329,1.176423073
"Mosul",2330,1.176423073
"Mosul",2331,1.176423073
"Mosul",2332,1.074714196
"Mosul",2333,1.074714196
"Mosul",2334,1.074714196
"Mosul",2335,1.074714196
"Mosul",2336,1.074714196
"Mosul",2337,1.074714196
"Mosul",2338,1.074714196
"Mosul",2339,1.074714196
"Mosul",2340,1.354293926
"Mosul",2341,1.354293926
"Mosul",2342,1.354293926
"Mosul",2343,1.354293926
"Mosul",2344,1.354293926
"Mosul",2345,1.354293926
"Mosul",2346,1.354293926
"Mosul",2347,1.354293926
"Mosul",2348,1.354293926
"Mosul",2349,1.552547326
"Mosul",2350,1.552547326
"Mosul",2351,1.552547326
"Mosul",2352,1.552547326
"Mosul",2353,0.695199839
"Mosul",2354,0.695199839
"Mosul",2355,0.695199839
"Mosul",2356,0.695199839
"Mosul",2357,0.695199839
"Mosul",2358,0.695199839
"Mosul",2359,0.695199839
"Mosul",2360,0.695199839
"Mosul",2361,0.695199839
"Mosul",2362,0.695199839
"Mosul",2363,0.695199839
"Mosul",2364,0.695199839
"Mosul",2365,0.695199839
"Mosul",2366,0.695199839
"Mosul",2367,0.695199839
"Mosul",2368,0.695199839
"Mosul",2369,0.695199839
"Mosul",2370,0.695199839
"Mosul",2371,0.695199839
"Mosul",2372,0.695199839
"Mosul",2373,0.695199839
"Mosul",2374,0.695199839
"Mosul",2375,0.695199839
"Mosul",2376,0.695199839
"Mosul",2377,0.695199839
"Mosul",2378,0.695199839
"Mosul",2379,0.695199839
"Mosul",2380,0.695199839
"Mosul",2381,0.695199839
"Mosul",2382,0.695199839
"Mosul",2383,0.695199839
"Mosul",2384,0.695199839
"Mosul",2385,0.695199839
"Mosul",2386,0.695199839
"Mosul",2387,0.695199839
"Mosul",2388,0.695199839
"Mosul",2389,0.695199839
"Mosul",2390,0.695199839
"Mosul",2391,0.695199839
"Mosul",2392,0.598895987
"Mosul",2393,0.598895987
"Mosul",2394,0.598895987
"Mosul",2395,0.598895987
"Mosul",2396,0.598895987
"Mosul",2397,0.598895987
"Mosul",2398,0.598895987
"Mosul",2399,0.598895987
"Mosul",2400,0.598895987
"Mosul",2401,0.598895987
"Mosul",2402,0.598895987
"Mosul",2403,0.598895987
"Mosul",2404,0.598895987
"Mosul",2405,0.598895987
"Mosul",2406,0.598895987
"Mosul",2407,0.598895987
"Mosul",2408,0.598895987
"Mosul",2409,0.598895987
"Mosul",2410,0.598895987
"Mosul",2411,0.598895987
"Mosul",2412,0.598895987
"Mosul",2413,0.598895987
"Mosul",2414,0.598895987
"Mosul",2415,0.598895987
"Mosul",2416,0.598895987
"Mosul",2417,0.598895987
"Mosul",2418,0.524033989
"Mosul",2419,0.524033989
"Mosul",2420,0.524033989
"Mosul",2421,0.524033989
"Mosul",2422,0.524033989
"Mosul",2423,0.524033989
"Mosul",2424,0.524033989
"Mosul",2425,0.524033989
"Mosul",2426,0.524033989
"Mosul",2427,0.524033989
"Mosul",2428,0.524033989
"Mosul",2429,0.524033989
"Mosul",2430,0.524033989
"Mosul",2431,0.44917199
"Mosul",2432,0.44917199
"Mosul",2433,0.44917199
"Mosul",2434,0.44917199
"Mosul",2435,0.44917199
"Mosul",2436,0.136151283
"Mosul",2437,0.136151283
"Mosul",2438,0.136151283
"Mosul",2439,0.136151283
"Mosul",2440,0.136151283
"Mosul",2441,0.136151283
"Mosul",2442,0.136151283
"Mosul",2443,0.136151283
"Mosul",2444,0.318467603
"Mosul",2445,0.318467603
"Mosul",2446,0.318467603
"Mosul",2447,0.318467603
"Mosul",2448,0.318467603
"Mosul",2449,0.318467603
"Mosul",2450,0.318467603
"Mosul",2451,0.318467603
"Mosul",2452,0.318467603
"Mosul",2453,0.318467603
"Mosul",2454,0.318467603
"Mosul",2455,0.318467603
"Mosul",2456,0.318467603
"Mosul",2457,0.318467603
"Mosul",2458,0.318467603
"Mosul",2459,0.318467603
"Mosul",2460,0.318467603
"Mosul",2461,0.318467603
"Mosul",2462,0.318467603
"Mosul",2463,0.318467603
"Mosul",2464,0.318467603
"Mosul",2465,0.318467603
"Mosul",2466,0.318467603
"Mosul",2467,0.318467603
"Mosul",2468,0.318467603
"Mosul",2469,0.318467603
"Mosul",2470,0.318467603
"Mosul",2471,0.318467603
"Mosul",2472,0.318467603
"Mosul",2473,0.318467603
"Mosul",2474,0.318467603
"Mosul",2475,0.751731668
"Mosul",2476,0.751731668
"Mosul",2477,0.751731668
"Mosul",2478,0.751731668
"Mosul",2479,0.751731668
"Mosul",2480,0.751731668
"Mosul",2481,0.751731668
"Mosul",2482,0.751731668
"Mosul",2483,0.751731668
"Mosul",2484,0.751731668
"Mosul",2485,0.751731668
"Mosul",2486,0.751731668
"Mosul",2487,0.751731668
"Mosul",2488,0.480787331
"Mosul",2489,0.480787331
"Mosul",2490,0.480787331
"Mosul",2491,0.480787331
"Mosul",2492,0.480787331
"Mosul",2493,0.480787331
"Mosul",2494,0.480787331
"Mosul",2495,0.480787331
"Mosul",2496,0.89708564
"Mosul",2497,0.89708564
"Mosul",2498,0.89708564
"Mosul",2499,0.89708564
"Mosul",2500,0.89708564
"Mosul",2501,1.078060833
"Mosul",2502,1.078060833
"Mosul",2503,1.078060833
"Mosul",2504,1.078060833
"Mosul",2505,1.28839955
"Mosul",2506,1.28839955
"Mosul",2507,1.28839955
"Mosul",2508,1.28839955
"Mosul",2509,1.28839955
"Mosul",2510,1.28839955
"Mosul",2511,1.28839955
"Mosul",2512,1.28839955
"Mosul",2513,1.28839955
"Mosul",2514,1.28839955
"Mosul",2515,1.28839955
"Mosul",2516,1.28839955
"Mosul",2517,1.28839955
"Mosul",2518,1.28839955
"Mosul",2519,1.28839955
"Mosul",2520,1.28839955
"Mosul",2521,1.28839955
"Mosul",2522,1.28839955
"Mosul",2523,1.28839955
"Mosul",2524,1.28839955
"Mosul",2525,1.28839955
"Mosul",2526,1.28839955
"Mosul",2527,1.28839955
"Mosul",2528,1.28839955
"Mosul",2529,1.28839955
"Mosul",2530,1.28839955
"Mosul",2531,1.28839955
"Mosul",2532,1.28839955
"Mosul",2533,1.28839955
"Mosul",2534,1.28839955
"Mosul",2535,1.28839955
"Mosul",2536,1.28839955
"Mosul",2537,1.28839955
"Mosul",2538,1.28839955
"Mosul",2539,1.28839955
"Najaf",2306,0.734045426
"Najaf",2307,0.734045426
"Najaf",2308,0.734045426
"Najaf",2309,0.734045426
"Najaf",2310,1.091401441
"Najaf",2311,1.091401441
"Najaf",2312,1.091401441
"Najaf",2313,1.091401441
"Najaf",2314,1.091401441
"Najaf",2315,1.091401441
"Najaf",2316,1.091401441
"Najaf",2317,1.091401441
"Najaf",2318,1.091401441
"Najaf",2319,1.705080879
"Najaf",2320,1.705080879
"Najaf",2321,1.705080879
"Najaf",2322,1.705080879
"Najaf",2323,0.563163143
"Najaf",2324,0.563163143
"Najaf",2325,0.563163143
"Najaf",2326,0.563163143
"Najaf",2327,0.563163143
"Najaf",2328,0.563163143
"Najaf",2329,0.563163143
"Najaf",2330,0.563163143
"Najaf",2331,0.563163143
"Najaf",2332,0.563163143
"Najaf",2333,0.563163143
"Najaf",2334,0.563163143
"Najaf",2335,0.563163143
"Najaf",2336,0.563163143
"Najaf",2337,0.563163143
"Najaf",2338,0.563163143
"Najaf",2339,0.563163143
"Najaf",2340,0.56519241
"Najaf",2341,0.56519241
"Najaf",2342,0.56519241
"Najaf",2343,0.56519241
"Najaf",2344,0.56519241
"Najaf",2345,0.56519241
"Najaf",2346,0.56519241
"Najaf",2347,0.56519241
"Najaf",2348,0.56519241
"Nassriya",2470,1.781939754
"Nassriya",2471,1.781939754
"Nassriya",2472,1.781939754
"Nassriya",2473,1.781939754
"Nassriya",2474,1.781939754
"Nassriya",2475,1.781939754
"Nassriya",2476,1.781939754
"Nassriya",2477,1.781939754
"Nassriya",2478,1.781939754
"Nassriya",2479,1.781939754
"Nassriya",2480,1.781939754
"Nassriya",2481,1.781939754
"Nassriya",2482,1.781939754
"Nassriya",2483,1.781939754
"Nassriya",2484,1.781939754
"Nassriya",2485,1.781939754
"Nassriya",2486,1.781939754
"Nassriya",2487,1.781939754
"Nassriya",2488,1.781939754
"Nassriya",2489,1.781939754
"Nassriya",2490,1.781939754
"Nassriya",2491,1.781939754
"Nassriya",2492,1.781939754
"Nassriya",2493,1.781939754
"Nassriya",2494,1.781939754
"Nassriya",2495,1.781939754
"Nassriya",2496,1.148719963
"Nassriya",2497,1.148719963
"Nassriya",2498,1.148719963
"Nassriya",2499,1.148719963
"Nassriya",2500,1.148719963
"Nassriya",2501,1.723079944
"Nassriya",2502,1.723079944
"Nassriya",2503,1.723079944
"Nassriya",2504,1.723079944
"Nassriya",2505,0.574359981
"Nassriya",2506,0.574359981
"Nassriya",2507,0.574359981
"Nassriya",2508,0.574359981
"Nassriya",2509,0.574359981
"Nassriya",2510,0.574359981
"Nassriya",2511,0.574359981
"Nassriya",2512,0.574359981
"Nassriya",2513,0.574359981
"Nassriya",2514,0.582541747
"Nassriya",2515,0.582541747
"Nassriya",2516,0.582541747
"Nassriya",2517,0.582541747
"Nassriya",2518,0.582541747
"Nassriya",2519,0.582541747
"Nassriya",2520,0.582541747
"Nassriya",2521,0.582541747
"Nassriya",2522,0.582541747
"Nassriya",2523,0.582541747
"Nassriya",2524,0.582541747
"Nassriya",2525,0.582541747
"Nassriya",2526,0.582541747
"Nassriya",2527,0.582541747
"Nassriya",2528,0.582541747
"Nassriya",2529,0.582541747
"Nassriya",2530,0.582541747
"Nassriya",2531,0.582541747
"Nassriya",2532,0.582541747
"Nassriya",2533,0.582541747
"Nassriya",2534,0.582541747
"Nassriya",2535,0.582541747
"Nassriya",2536,0.582541747
"Nassriya",2537,0.582541747
"Nassriya",2538,0.582541747
"Nassriya",2539,0.582541747
"Ramadi",2293,3.941674074
"Ramadi",2294,3.941674074
"Ramadi",2295,3.941674074
"Ramadi",2296,3.941674074
"Ramadi",2297,3.144575347
"Ramadi",2298,3.144575347
"Ramadi",2299,3.144575347
"Ramadi",2300,3.144575347
"Ramadi",2301,3.144575347
"Ramadi",2302,3.144575347
"Ramadi",2303,3.144575347
"Ramadi",2304,3.144575347
"Ramadi",2305,3.144575347
"Ramadi",2306,3.144575347
"Ramadi",2307,3.144575347
"Ramadi",2308,3.144575347
"Ramadi",2309,3.144575347
"Ramadi",2310,3.144575347
"Ramadi",2311,3.144575347
"Ramadi",2312,3.144575347
"Ramadi",2313,3.144575347
"Ramadi",2314,4.609400757
"Ramadi",2315,4.609400757
"Ramadi",2316,4.609400757
"Ramadi",2317,4.609400757
"Ramadi",2318,4.609400757
"Ramadi",2319,5.971980519
"Ramadi",2320,5.971980519
"Ramadi",2321,5.971980519
"Ramadi",2322,5.971980519
"Ramadi",2323,9.116555866
"Ramadi",2324,9.116555866
"Ramadi",2325,9.116555866
"Ramadi",2326,9.116555866
"Ramadi",2327,9.116555866
"Ramadi",2328,8.486388809
"Ramadi",2329,8.486388809
"Ramadi",2330,8.486388809
"Ramadi",2331,8.486388809
"Ramadi",2332,7.021563399
"Ramadi",2333,7.021563399
"Ramadi",2334,7.021563399
"Ramadi",2335,7.021563399
"Ramadi",2336,5.761229285
"Ramadi",2337,5.761229285
"Ramadi",2338,5.761229285
"Ramadi",2339,5.761229285
"Ramadi",2340,6.903590944
"Ramadi",2341,6.903590944
"Ramadi",2342,6.903590944
"Ramadi",2343,6.903590944
"Ramadi",2344,6.903590944
"Ramadi",2345,7.505636703
"Ramadi",2346,7.505636703
"Ramadi",2347,7.505636703
"Ramadi",2348,7.505636703
"Ramadi",2349,6.903590944
"Ramadi",2350,6.903590944
"Ramadi",2351,6.903590944
"Ramadi",2352,6.903590944
"Ramadi",2353,5.705480012
"Ramadi",2354,5.705480012
"Ramadi",2355,5.705480012
"Ramadi",2356,5.705480012
"Ramadi",2357,5.705480012
"Ramadi",2358,5.705480012
"Ramadi",2359,5.705480012
"Ramadi",2360,5.705480012
"Ramadi",2361,5.705480012
"Ramadi",2362,7.51161729
"Ramadi",2363,7.51161729
"Ramadi",2364,7.51161729
"Ramadi",2365,7.51161729
"Ramadi",2366,7.51161729
"Ramadi",2367,7.51161729
"Ramadi",2368,7.51161729
"Ramadi",2369,7.51161729
"Ramadi",2370,7.51161729
"Ramadi",2371,6.307525771
"Ramadi",2372,6.307525771
"Ramadi",2373,6.307525771
"Ramadi",2374,6.307525771
"Ramadi",2375,8.107682463
"Ramadi",2376,8.107682463
"Ramadi",2377,8.107682463
"Ramadi",2378,8.107682463
"Ramadi",2379,8.107682463
"Ramadi",2380,8.107682463
"Ramadi",2381,8.107682463
"Ramadi",2382,8.107682463
"Ramadi",2383,8.107682463
"Ramadi",2384,6.307525771
"Ramadi",2385,6.307525771
"Ramadi",2386,6.307525771
"Ramadi",2387,6.307525771
"Ramadi",2388,5.705480012
"Ramadi",2389,5.705480012
"Ramadi",2390,5.705480012
"Ramadi",2391,5.705480012
"Ramadi",2392,5.586811976
"Ramadi",2393,5.586811976
"Ramadi",2394,5.586811976
"Ramadi",2395,5.586811976
"Ramadi",2396,5.586811976
"Ramadi",2397,5.586811976
"Ramadi",2398,5.586811976
"Ramadi",2399,5.586811976
"Ramadi",2400,5.586811976
"Ramadi",2401,7.319856021
"Ramadi",2402,7.319856021
"Ramadi",2403,7.319856021
"Ramadi",2404,7.319856021
"Ramadi",2405,5.586811976
"Ramadi",2406,5.586811976
"Ramadi",2407,5.586811976
"Ramadi",2408,5.586811976
"Ramadi",2409,5.586811976
"Ramadi",2410,5.586811976
"Ramadi",2411,5.586811976
"Ramadi",2412,5.586811976
"Ramadi",2413,5.586811976
"Ramadi",2414,6.557930788
"Ramadi",2415,6.557930788
"Ramadi",2416,6.557930788
"Ramadi",2417,6.557930788
"Ramadi",2418,6.557930788
"Ramadi",2419,6.557930788
"Ramadi",2420,6.557930788
"Ramadi",2421,6.557930788
"Ramadi",2422,6.557930788
"Ramadi",2423,6.557930788
"Ramadi",2424,6.557930788
"Ramadi",2425,6.557930788
"Ramadi",2426,6.557930788
"Ramadi",2427,6.557930788
"Ramadi",2428,6.557930788
"Ramadi",2429,6.557930788
"Ramadi",2430,6.557930788
"Ramadi",2431,8.583653921
"Ramadi",2432,8.583653921
"Ramadi",2433,8.583653921
"Ramadi",2434,8.583653921
"Ramadi",2435,8.583653921
"Ramadi",2436,6.265251699
"Ramadi",2437,6.265251699
"Ramadi",2438,6.265251699
"Ramadi",2439,6.265251699
"Ramadi",2440,4.917968289
"Ramadi",2441,4.917968289
"Ramadi",2442,4.917968289
"Ramadi",2443,4.917968289
"Ramadi",2444,6.976283781
"Ramadi",2445,6.976283781
"Ramadi",2446,6.976283781
"Ramadi",2447,6.976283781
"Ramadi",2448,6.976283781
"Ramadi",2449,6.650643694
"Ramadi",2450,6.650643694
"Ramadi",2451,6.650643694
"Ramadi",2452,6.650643694
"Ramadi",2453,6.650643694
"Ramadi",2454,6.650643694
"Ramadi",2455,6.650643694
"Ramadi",2456,6.650643694
"Ramadi",2457,7.529501882
"Ramadi",2458,7.529501882
"Ramadi",2459,7.529501882
"Ramadi",2460,7.529501882
"Ramadi",2461,7.529501882
"Ramadi",2462,7.529501882
"Ramadi",2463,7.529501882
"Ramadi",2464,7.529501882
"Ramadi",2465,7.529501882
"Ramadi",2466,7.529501882
"Ramadi",2467,7.529501882
"Ramadi",2468,7.529501882
"Ramadi",2469,7.529501882
"Ramadi",2470,7.529501882
"Ramadi",2471,7.529501882
"Ramadi",2472,7.529501882
"Ramadi",2473,7.529501882
"Ramadi",2474,7.529501882
"Ramadi",2475,7.529501882
"Ramadi",2476,7.529501882
"Ramadi",2477,7.529501882
"Ramadi",2478,7.529501882
"Ramadi",2479,7.529501882
"Ramadi",2480,7.529501882
"Ramadi",2481,7.529501882
"Ramadi",2482,7.529501882
"Ramadi",2483,7.529501882
"Ramadi",2484,7.529501882
"Ramadi",2485,7.529501882
"Ramadi",2486,7.529501882
"Ramadi",2487,7.529501882
"Ramadi",2488,7.529501882
"Ramadi",2489,7.529501882
"Ramadi",2490,7.529501882
"Ramadi",2491,7.529501882
"Ramadi",2492,9.200257552
"Ramadi",2493,9.200257552
"Ramadi",2494,9.200257552
"Ramadi",2495,9.200257552
"Ramadi",2496,5.110738624
"Ramadi",2497,5.110738624
"Ramadi",2498,5.110738624
"Ramadi",2499,5.110738624
"Ramadi",2500,5.110738624
"Ramadi",2501,5.110738624
"Ramadi",2502,5.110738624
"Ramadi",2503,5.110738624
"Ramadi",2504,5.110738624
"Ramadi",2505,5.110738624
"Ramadi",2506,5.110738624
"Ramadi",2507,5.110738624
"Ramadi",2508,5.110738624
"Ramadi",2509,4.031973595
"Ramadi",2510,4.031973595
"Ramadi",2511,4.031973595
"Ramadi",2512,4.031973595
"Ramadi",2513,4.031973595
"Ramadi",2514,2.419184157
"Ramadi",2515,2.419184157
"Ramadi",2516,2.419184157
"Ramadi",2517,2.419184157
"Ramadi",2518,2.419184157
"Ramadi",2519,2.419184157
"Ramadi",2520,2.419184157
"Ramadi",2521,2.419184157
"Ramadi",2522,2.419184157
"Ramadi",2523,2.419184157
"Ramadi",2524,2.419184157
"Ramadi",2525,2.419184157
"Ramadi",2526,2.419184157
"Ramadi",2527,2.419184157
"Ramadi",2528,2.419184157
"Ramadi",2529,2.419184157
"Ramadi",2530,2.419184157
"Ramadi",2531,2.419184157
"Ramadi",2532,2.419184157
"Ramadi",2533,2.419184157
"Ramadi",2534,2.419184157
"Ramadi",2535,2.419184157
"Ramadi",2536,2.419184157
"Ramadi",2537,2.419184157
"Ramadi",2538,2.419184157
"Ramadi",2539,2.419184157
"Samarra",2293,3.138102487
"Samarra",2294,3.138102487
"Samarra",2295,3.138102487
"Samarra",2296,3.138102487
"Samarra",2297,3.138102487
"Samarra",2298,3.138102487
"Samarra",2299,3.138102487
"Samarra",2300,3.138102487
"Samarra",2301,3.138102487
"Samarra",2302,3.138102487
"Samarra",2303,3.138102487
"Samarra",2304,3.138102487
"Samarra",2305,3.138102487
"Samarra",2306,3.138102487
"Samarra",2307,3.138102487
"Samarra",2308,3.138102487
"Samarra",2309,3.138102487
"Samarra",2310,3.138102487
"Samarra",2311,3.138102487
"Samarra",2312,3.138102487
"Samarra",2313,3.138102487
"Samarra",2314,3.138102487
"Samarra",2315,3.138102487
"Samarra",2316,3.138102487
"Samarra",2317,3.138102487
"Samarra",2318,3.138102487
"Samarra",2319,3.138102487
"Samarra",2320,3.138102487
"Samarra",2321,3.138102487
"Samarra",2322,3.138102487
"Samarra",2323,3.138102487
"Samarra",2324,3.138102487
"Samarra",2325,3.138102487
"Samarra",2326,3.138102487
"Samarra",2327,3.138102487
"Samarra",2328,3.138102487
"Samarra",2329,3.138102487
"Samarra",2330,3.138102487
"Samarra",2331,3.138102487
"Samarra",2332,3.138102487
"Samarra",2333,3.138102487
"Samarra",2334,3.138102487
"Samarra",2335,3.138102487
"Samarra",2336,3.138102487
"Samarra",2337,3.138102487
"Samarra",2338,3.138102487
"Samarra",2339,3.138102487
"Samarra",2340,3.162270552
"Samarra",2341,3.162270552
"Samarra",2342,3.162270552
"Samarra",2343,3.162270552
"Samarra",2344,3.162270552
"Samarra",2345,4.743405828
"Samarra",2346,4.743405828
"Samarra",2347,4.743405828
"Samarra",2348,4.743405828
"Samarra",2349,1.581135276
"Samarra",2350,1.581135276
"Samarra",2351,1.581135276
"Samarra",2352,1.581135276
"Samarra",2353,1.581135276
"Samarra",2354,1.581135276
"Samarra",2355,1.581135276
"Samarra",2356,1.581135276
"Samarra",2357,1.581135276
"Samarra",2358,1.581135276
"Samarra",2359,1.581135276
"Samarra",2360,1.581135276
"Samarra",2361,1.581135276
"Samarra",2362,1.581135276
"Samarra",2363,1.581135276
"Samarra",2364,1.581135276
"Samarra",2365,1.581135276
"Samarra",2366,1.581135276
"Samarra",2367,1.581135276
"Samarra",2368,1.581135276
"Samarra",2369,1.581135276
"Samarra",2370,1.581135276
"Samarra",2371,1.581135276
"Samarra",2372,1.581135276
"Samarra",2373,1.581135276
"Samarra",2374,1.581135276
"Samarra",2375,1.581135276
"Samarra",2376,1.581135276
"Samarra",2377,1.581135276
"Samarra",2378,1.581135276
"Samarra",2379,1.581135276
"Samarra",2380,1.581135276
"Samarra",2381,1.581135276
"Samarra",2382,1.581135276
"Samarra",2383,1.581135276
"Samarra",2384,1.581135276
"Samarra",2385,1.581135276
"Samarra",2386,1.581135276
"Samarra",2387,1.581135276
"Samarra",2388,3.675354185
"Samarra",2389,3.675354185
"Samarra",2390,3.675354185
"Samarra",2391,3.675354185
"Samarra",2392,3.539501747
"Samarra",2393,3.539501747
"Samarra",2394,3.539501747
"Samarra",2395,3.539501747
"Samarra",2396,3.539501747
"Samarra",2397,3.539501747
"Samarra",2398,3.539501747
"Samarra",2399,3.539501747
"Samarra",2400,3.539501747
"Samarra",2401,3.539501747
"Samarra",2402,3.539501747
"Samarra",2403,3.539501747
"Samarra",2404,3.539501747
"Samarra",2405,3.539501747
"Samarra",2406,3.539501747
"Samarra",2407,3.539501747
"Samarra",2408,3.539501747
"Samarra",2409,3.539501747
"Samarra",2410,3.539501747
"Samarra",2411,3.539501747
"Samarra",2412,3.539501747
"Samarra",2413,3.539501747
"Samarra",2414,3.539501747
"Samarra",2415,3.539501747
"Samarra",2416,3.539501747
"Samarra",2417,3.539501747
"Samarra",2418,3.539501747
"Samarra",2419,3.539501747
"Samarra",2420,3.539501747
"Samarra",2421,3.539501747
"Samarra",2422,3.539501747
"Samarra",2423,3.539501747
"Samarra",2424,3.539501747
"Samarra",2425,3.539501747
"Samarra",2426,3.539501747
"Samarra",2427,3.539501747
"Samarra",2428,3.539501747
"Samarra",2429,3.539501747
"Samarra",2430,3.539501747
"Samarra",2431,3.539501747
"Samarra",2432,3.539501747
"Samarra",2433,3.539501747
"Samarra",2434,3.539501747
"Samarra",2435,3.539501747
"Samarra",2436,3.539501747
"Samarra",2437,3.539501747
"Samarra",2438,3.539501747
"Samarra",2439,3.539501747
"Samarra",2440,3.539501747
"Samarra",2441,3.539501747
"Samarra",2442,3.539501747
"Samarra",2443,3.539501747
"Samarra",2444,3.413334371
"Samarra",2445,3.413334371
"Samarra",2446,3.413334371
"Samarra",2447,3.413334371
"Samarra",2448,3.413334371
"Samarra",2449,3.413334371
"Samarra",2450,3.413334371
"Samarra",2451,3.413334371
"Samarra",2452,3.413334371
"Samarra",2453,3.413334371
"Samarra",2454,3.413334371
"Samarra",2455,3.413334371
"Samarra",2456,3.413334371
"Samarra",2457,3.413334371
"Samarra",2458,3.413334371
"Samarra",2459,3.413334371
"Samarra",2460,3.413334371
"Samarra",2461,3.413334371
"Samarra",2462,3.413334371
"Samarra",2463,3.413334371
"Samarra",2464,3.413334371
"Samarra",2465,3.413334371
"Samarra",2466,3.413334371
"Samarra",2467,3.413334371
"Samarra",2468,3.413334371
"Samarra",2469,3.413334371
"Samarra",2470,3.413334371
"Samarra",2471,3.413334371
"Samarra",2472,3.413334371
"Samarra",2473,3.413334371
"Samarra",2474,3.413334371
"Samarra",2475,3.413334371
"Samarra",2476,3.413334371
"Samarra",2477,3.413334371
"Samarra",2478,3.413334371
"Samarra",2479,3.413334371
"Samarra",2480,3.413334371
"Samarra",2481,3.413334371
"Samarra",2482,3.413334371
"Samarra",2483,3.413334371
"Samarra",2484,3.413334371
"Samarra",2485,3.413334371
"Samarra",2486,3.413334371
"Samarra",2487,3.413334371
"Samarra",2488,3.413334371
"Samarra",2489,3.413334371
"Samarra",2490,3.413334371
"Samarra",2491,3.413334371
"Samarra",2492,3.413334371
"Samarra",2493,3.413334371
"Samarra",2494,3.413334371
"Samarra",2495,3.413334371
"Samarra",2496,3.295852015
"Samarra",2497,3.295852015
"Samarra",2498,3.295852015
"Samarra",2499,3.295852015
"Samarra",2500,3.295852015
"Samarra",2501,3.295852015
"Samarra",2502,3.295852015
"Samarra",2503,3.295852015
"Samarra",2504,3.295852015
"Samarra",2505,3.295852015
"Samarra",2506,3.295852015
"Samarra",2507,3.295852015
"Samarra",2508,3.295852015
"Samarra",2509,3.295852015
"Samarra",2510,3.295852015
"Samarra",2511,3.295852015
"Samarra",2512,3.295852015
"Samarra",2513,3.295852015
"Samarra",2514,3.295852015
"Samarra",2515,3.295852015
"Samarra",2516,3.295852015
"Samarra",2517,3.295852015
"Samarra",2518,3.295852015
"Samarra",2519,3.295852015
"Samarra",2520,3.295852015
"Samarra",2521,3.295852015
"Samarra",2522,3.295852015
"Samarra",2523,3.295852015
"Samarra",2524,3.295852015
"Samarra",2525,3.295852015
"Samarra",2526,3.295852015
"Samarra",2527,3.295852015
"Samarra",2528,3.295852015
"Samarra",2529,3.295852015
"Samarra",2530,3.295852015
"Samarra",2531,3.295852015
"Samarra",2532,3.295852015
"Samarra",2533,3.295852015
"Samarra",2534,3.295852015
"Samarra",2535,3.295852015
"Samarra",2536,3.295852015
"Samarra",2537,3.295852015
"Samarra",2538,3.295852015
"Samarra",2539,3.295852015
"Sinjar",2293,1.356878657
"Sinjar",2294,1.356878657
"Sinjar",2295,1.356878657
"Sinjar",2296,1.356878657
"Sinjar",2297,1.356878657
"Sinjar",2298,1.356878657
"Sinjar",2299,1.356878657
"Sinjar",2300,1.356878657
"Sinjar",2301,1.356878657
"Sinjar",2302,1.356878657
"Sinjar",2303,1.356878657
"Sinjar",2304,1.356878657
"Sinjar",2305,1.356878657
"Sinjar",2306,1.356878657
"Sinjar",2307,1.356878657
"Sinjar",2308,1.356878657
"Sinjar",2309,1.356878657
"Sinjar",2310,1.356878657
"Sinjar",2311,1.356878657
"Sinjar",2312,1.356878657
"Sinjar",2313,1.356878657
"Sinjar",2314,1.356878657
"Sinjar",2315,1.356878657
"Sinjar",2316,1.356878657
"Sinjar",2317,1.356878657
"Sinjar",2318,1.356878657
"Sinjar",2319,1.356878657
"Sinjar",2320,1.356878657
"Sinjar",2321,1.356878657
"Sinjar",2322,1.356878657
"Sinjar",2323,1.356878657
"Sinjar",2324,1.356878657
"Sinjar",2325,1.356878657
"Sinjar",2326,1.356878657
"Sinjar",2327,1.356878657
"Sinjar",2328,1.356878657
"Sinjar",2329,1.356878657
"Sinjar",2330,1.356878657
"Sinjar",2331,1.356878657
"Sinjar",2332,1.356878657
"Sinjar",2333,1.356878657
"Sinjar",2334,1.356878657
"Sinjar",2335,1.356878657
"Sinjar",2336,1.356878657
"Sinjar",2337,1.356878657
"Sinjar",2338,1.356878657
"Sinjar",2339,1.356878657
"Sinjar",2340,0.939824144
"Sinjar",2341,0.939824144
"Sinjar",2342,0.939824144
"Sinjar",2343,0.939824144
"Sinjar",2344,0.939824144
"Sinjar",2345,0.939824144
"Sinjar",2346,0.939824144
"Sinjar",2347,0.939824144
"Sinjar",2348,0.939824144
"Sinjar",2349,3.816529458
"Sinjar",2350,3.816529458
"Sinjar",2351,3.816529458
"Sinjar",2352,3.816529458
"Sinjar",2353,3.816529458
"Sinjar",2354,3.816529458
"Sinjar",2355,3.816529458
"Sinjar",2356,3.816529458
"Sinjar",2357,3.816529458
"Sinjar",2358,3.816529458
"Sinjar",2359,3.816529458
"Sinjar",2360,3.816529458
"Sinjar",2361,3.816529458
"Sinjar",2362,3.816529458
"Sinjar",2363,3.816529458
"Sinjar",2364,3.816529458
"Sinjar",2365,3.816529458
"Sinjar",2366,3.816529458
"Sinjar",2367,3.816529458
"Sinjar",2368,3.816529458
"Sinjar",2369,3.816529458
"Sinjar",2370,3.816529458
"Sinjar",2371,3.816529458
"Sinjar",2372,3.816529458
"Sinjar",2373,3.816529458
"Sinjar",2374,3.816529458
"Sinjar",2375,3.816529458
"Sinjar",2376,3.816529458
"Sinjar",2377,3.816529458
"Sinjar",2378,3.816529458
"Sinjar",2379,3.84363977
"Sinjar",2380,3.84363977
"Sinjar",2381,3.84363977
"Sinjar",2382,3.84363977
"Sinjar",2383,3.84363977
"Sinjar",2384,3.84363977
"Sinjar",2385,3.84363977
"Sinjar",2386,3.84363977
"Sinjar",2387,3.84363977
"Sinjar",2388,3.84363977
"Sinjar",2389,3.84363977
"Sinjar",2390,3.84363977
"Sinjar",2391,3.84363977
"Sinjar",2392,4.267118103
"Sinjar",2393,4.267118103
"Sinjar",2394,4.267118103
"Sinjar",2395,4.267118103
"Sinjar",2396,4.267118103
"Sinjar",2397,4.267118103
"Sinjar",2398,4.267118103
"Sinjar",2399,4.267118103
"Sinjar",2400,4.267118103
"Sinjar",2401,4.267118103
"Sinjar",2402,4.267118103
"Sinjar",2403,4.267118103
"Sinjar",2404,4.267118103
"Sinjar",2405,4.267118103
"Sinjar",2406,4.267118103
"Sinjar",2407,4.267118103
"Sinjar",2408,4.267118103
"Sinjar",2409,4.267118103
"Sinjar",2410,4.267118103
"Sinjar",2411,4.267118103
"Sinjar",2412,4.267118103
"Sinjar",2413,4.267118103
"Sinjar",2414,4.267118103
"Sinjar",2415,4.267118103
"Sinjar",2416,4.267118103
"Sinjar",2417,4.267118103
"Sinjar",2418,1.710337726
"Sinjar",2419,1.710337726
"Sinjar",2420,1.710337726
"Sinjar",2421,1.710337726
"Sinjar",2422,1.710337726
"Sinjar",2423,0.776632947
"Sinjar",2424,0.776632947
"Sinjar",2425,0.776632947
"Sinjar",2426,0.776632947
"Sinjar",2427,0.776632947
"Sinjar",2428,0.776632947
"Sinjar",2429,0.776632947
"Sinjar",2430,0.776632947
"Sinjar",2431,0.776632947
"Sinjar",2432,0.776632947
"Sinjar",2433,0.776632947
"Sinjar",2434,0.776632947
"Sinjar",2435,0.776632947
"Sinjar",2436,0.776632947
"Sinjar",2437,0.776632947
"Sinjar",2438,0.776632947
"Sinjar",2439,0.776632947
"Sinjar",2440,0.776632947
"Sinjar",2441,0.776632947
"Sinjar",2442,0.776632947
"Sinjar",2443,0.776632947
"Sinjar",2444,0.75082992
"Sinjar",2445,0.75082992
"Sinjar",2446,0.75082992
"Sinjar",2447,0.75082992
"Sinjar",2448,0.75082992
"Sinjar",2449,0.75082992
"Sinjar",2450,0.75082992
"Sinjar",2451,0.75082992
"Sinjar",2452,0.75082992
"Sinjar",2453,0.75082992
"Sinjar",2454,0.75082992
"Sinjar",2455,0.75082992
"Sinjar",2456,0.75082992
"Sinjar",2457,0.75082992
"Sinjar",2458,0.75082992
"Sinjar",2459,0.75082992
"Sinjar",2460,0.75082992
"Sinjar",2461,0.75082992
"Sinjar",2462,0.75082992
"Sinjar",2463,0.75082992
"Sinjar",2464,0.75082992
"Sinjar",2465,0.75082992
"Sinjar",2466,0.75082992
"Sinjar",2467,0.75082992
"Sinjar",2468,0.75082992
"Sinjar",2469,0.75082992
"Sinjar",2470,0.75082992
"Sinjar",2471,0.75082992
"Sinjar",2472,0.75082992
"Sinjar",2473,0.75082992
"Sinjar",2474,0.75082992
"Sinjar",2475,0.75082992
"Sinjar",2476,0.75082992
"Sinjar",2477,0.75082992
"Sinjar",2478,0.75082992
"Sinjar",2479,0.75082992
"Sinjar",2480,0.75082992
"Sinjar",2481,0.75082992
"Sinjar",2482,0.75082992
"Sinjar",2488,1.273879977
"Sinjar",2489,1.273879977
"Sinjar",2490,1.273879977
"Sinjar",2491,1.273879977
"Sinjar",2492,1.273879977
"Sinjar",2493,1.273879977
"Sinjar",2494,1.273879977
"Sinjar",2495,1.273879977
"Tarmia",2349,5.247154895
"Tarmia",2350,5.247154895
"Tarmia",2351,5.247154895
"Tarmia",2352,5.247154895
"Tarmia",2353,5.247154895
"Tarmia",2354,5.247154895
"Tarmia",2355,5.247154895
"Tarmia",2356,5.247154895
"Tarmia",2357,5.247154895
"Tarmia",2358,5.247154895
"Tarmia",2359,5.247154895
"Tarmia",2360,5.247154895
"Tarmia",2361,5.247154895
"Tarmia",2362,5.247154895
"Tarmia",2363,5.247154895
"Tarmia",2364,5.247154895
"Tarmia",2365,5.247154895
"Tarmia",2366,5.247154895
"Tarmia",2367,5.247154895
"Tarmia",2368,5.247154895
"Tarmia",2369,5.247154895
"Tarmia",2370,5.247154895
"Tarmia",2371,5.247154895
"Tarmia",2372,5.247154895
"Tarmia",2373,5.247154895
"Tarmia",2374,5.247154895
"Tarmia",2375,5.247154895
"Tarmia",2376,5.247154895
"Tarmia",2377,5.247154895
"Tarmia",2378,5.247154895
"Tarmia",2379,5.247154895
"Tarmia",2380,5.247154895
"Tarmia",2381,5.247154895
"Tarmia",2382,5.247154895
"Tarmia",2383,5.247154895
"Tarmia",2384,5.247154895
"Tarmia",2385,5.247154895
"Tarmia",2386,5.247154895
"Tarmia",2387,5.247154895
"Tarmia",2388,5.247154895
"Tarmia",2389,5.247154895
"Tarmia",2390,5.247154895
"Tarmia",2391,5.247154895
"Tarmia",2457,11.36071061
"Tarmia",2458,11.36071061
"Tarmia",2459,11.36071061
"Tarmia",2460,11.36071061
"Tarmia",2461,11.36071061
"Tarmia",2462,22.72142122
"Tarmia",2463,22.72142122
"Tarmia",2464,22.72142122
"Tarmia",2465,22.72142122
"Tarmia",2466,11.36071061
"Tarmia",2467,11.36071061
"Tarmia",2468,11.36071061
"Tarmia",2469,11.36071061
"Tarmia",2470,11.36071061
"Tarmia",2471,11.36071061
"Tarmia",2472,11.36071061
"Tarmia",2473,11.36071061
"Tarmia",2474,11.36071061
"Tarmia",2475,11.36071061
"Tarmia",2476,11.36071061
"Tarmia",2477,11.36071061
"Tarmia",2478,11.36071061
"Tarmia",2479,11.36071061
"Tarmia",2480,11.36071061
"Tarmia",2481,11.36071061
"Tarmia",2482,11.36071061
"Tarmia",2483,11.36071061
"Tarmia",2484,11.36071061
"Tarmia",2485,11.36071061
"Tarmia",2486,11.36071061
"Tarmia",2487,11.36071061
"Tarmia",2488,11.36071061
"Tarmia",2489,11.36071061
"Tarmia",2490,11.36071061
"Tarmia",2491,11.36071061
"Tarmia",2492,11.36071061
"Tarmia",2493,11.36071061
"Tarmia",2494,11.36071061
"Tarmia",2495,11.36071061
"Tarmia",2501,10.95618303
"Tarmia",2502,10.95618303
"Tarmia",2503,10.95618303
"Tarmia",2504,10.95618303
"Tarmia",2505,10.95618303
"Tarmia",2506,10.95618303
"Tarmia",2507,10.95618303
"Tarmia",2508,10.95618303
"Tarmia",2509,10.95618303
"Tarmia",2510,10.95618303
"Tarmia",2511,10.95618303
"Tarmia",2512,10.95618303
"Tarmia",2513,10.95618303
"Tarmia",2514,10.95618303
"Tarmia",2515,10.95618303
"Tarmia",2516,10.95618303
"Tarmia",2517,10.95618303
"Tarmia",2518,10.95618303
"Tarmia",2519,10.95618303
"Tarmia",2520,10.95618303
"Tarmia",2521,10.95618303
"Tarmia",2522,10.95618303
"Tarmia",2523,10.95618303
"Tarmia",2524,10.95618303
"Tarmia",2525,10.95618303
"Tarmia",2526,10.95618303
"Tarmia",2527,10.95618303
"Tarmia",2528,10.95618303
"Tarmia",2529,10.95618303
"Tarmia",2530,10.95618303
"Tarmia",2531,10.95618303
"Tarmia",2532,10.95618303
"Tarmia",2533,10.95618303
"Tarmia",2534,10.95618303
"Tarmia",2535,10.95618303
"Tarmia",2536,10.95618303
"Tarmia",2537,10.95618303
"Tarmia",2538,10.95618303
"Tarmia",2539,10.95618303
"Telafar",2293,3.360213582
"Telafar",2294,3.360213582
"Telafar",2295,3.360213582
"Telafar",2296,3.360213582
"Telafar",2297,3.360213582
"Telafar",2298,3.360213582
"Telafar",2299,3.360213582
"Telafar",2300,3.360213582
"Telafar",2301,3.360213582
"Telafar",2302,3.360213582
"Telafar",2303,3.360213582
"Telafar",2304,3.360213582
"Telafar",2305,3.360213582
"Telafar",2306,3.360213582
"Telafar",2307,3.360213582
"Telafar",2308,3.360213582
"Telafar",2309,3.360213582
"Telafar",2310,3.360213582
"Telafar",2311,3.360213582
"Telafar",2312,3.360213582
"Telafar",2313,3.360213582
"Telafar",2314,3.360213582
"Telafar",2315,3.360213582
"Telafar",2316,3.360213582
"Telafar",2317,3.360213582
"Telafar",2318,3.360213582
"Telafar",2319,3.360213582
"Telafar",2320,3.360213582
"Telafar",2321,3.360213582
"Telafar",2322,3.360213582
"Telafar",2323,3.360213582
"Telafar",2324,3.360213582
"Telafar",2325,3.360213582
"Telafar",2326,3.360213582
"Telafar",2327,3.360213582
"Telafar",2328,3.345508053
"Telafar",2329,3.345508053
"Telafar",2330,3.345508053
"Telafar",2331,3.345508053
"Telafar",2332,3.345508053
"Telafar",2333,3.345508053
"Telafar",2334,3.345508053
"Telafar",2335,3.345508053
"Telafar",2336,3.345508053
"Telafar",2337,3.345508053
"Telafar",2338,3.345508053
"Telafar",2339,3.345508053
"Telafar",2340,2.540799375
"Telafar",2341,2.540799375
"Telafar",2342,2.540799375
"Telafar",2343,2.540799375
"Telafar",2344,2.540799375
"Telafar",2345,2.540799375
"Telafar",2346,2.540799375
"Telafar",2347,2.540799375
"Telafar",2348,2.540799375
"Telafar",2349,4.318428241
"Telafar",2350,4.318428241
"Telafar",2351,4.318428241
"Telafar",2352,4.318428241
"Telafar",2353,4.318428241
"Telafar",2354,4.318428241
"Telafar",2355,4.318428241
"Telafar",2356,4.318428241
"Telafar",2357,4.318428241
"Telafar",2358,4.318428241
"Telafar",2359,4.318428241
"Telafar",2360,4.318428241
"Telafar",2361,4.318428241
"Telafar",2362,4.318428241
"Telafar",2363,4.318428241
"Telafar",2364,4.318428241
"Telafar",2365,4.318428241
"Telafar",2366,4.318428241
"Telafar",2367,4.318428241
"Telafar",2368,4.318428241
"Telafar",2369,4.318428241
"Telafar",2370,4.318428241
"Telafar",2371,4.318428241
"Telafar",2372,4.318428241
"Telafar",2373,4.318428241
"Telafar",2374,4.318428241
"Telafar",2375,4.318428241
"Telafar",2376,4.318428241
"Telafar",2377,4.318428241
"Telafar",2378,4.318428241
"Telafar",2379,4.335180764
"Telafar",2380,4.335180764
"Telafar",2381,4.335180764
"Telafar",2382,4.335180764
"Telafar",2383,4.335180764
"Telafar",2384,4.335180764
"Telafar",2385,4.335180764
"Telafar",2386,4.335180764
"Telafar",2387,4.335180764
"Telafar",2388,4.335180764
"Telafar",2389,4.335180764
"Telafar",2390,4.335180764
"Telafar",2391,4.335180764
"Telafar",2392,2.642511196
"Telafar",2393,2.642511196
"Telafar",2394,2.642511196
"Telafar",2395,2.642511196
"Telafar",2396,2.642511196
"Telafar",2397,4.274491526
"Telafar",2398,4.274491526
"Telafar",2399,4.274491526
"Telafar",2400,4.274491526
"Telafar",2401,4.274491526
"Telafar",2402,4.274491526
"Telafar",2403,4.274491526
"Telafar",2404,4.274491526
"Telafar",2405,4.274491526
"Telafar",2406,4.274491526
"Telafar",2407,4.274491526
"Telafar",2408,4.274491526
"Telafar",2409,4.274491526
"Telafar",2410,4.274491526
"Telafar",2411,4.274491526
"Telafar",2412,4.274491526
"Telafar",2413,4.274491526
"Telafar",2414,4.274491526
"Telafar",2415,4.274491526
"Telafar",2416,4.274491526
"Telafar",2417,4.274491526
"Telafar",2418,1.059166042
"Telafar",2419,1.059166042
"Telafar",2420,1.059166042
"Telafar",2421,1.059166042
"Telafar",2422,1.059166042
"Telafar",2423,0.480947846
"Telafar",2424,0.480947846
"Telafar",2425,0.480947846
"Telafar",2426,0.480947846
"Telafar",2427,0.480947846
"Telafar",2428,0.480947846
"Telafar",2429,0.480947846
"Telafar",2430,0.480947846
"Telafar",2431,2.388527503
"Telafar",2432,2.388527503
"Telafar",2433,2.388527503
"Telafar",2434,2.388527503
"Telafar",2435,2.388527503
"Telafar",2436,0.480947846
"Telafar",2437,0.480947846
"Telafar",2438,0.480947846
"Telafar",2439,0.480947846
"Telafar",2440,0.480947846
"Telafar",2441,0.480947846
"Telafar",2442,0.480947846
"Telafar",2443,0.480947846
"Telafar",2444,0.465907604
"Telafar",2445,0.465907604
"Telafar",2446,0.465907604
"Telafar",2447,0.465907604
"Telafar",2448,0.465907604
"Telafar",2449,0.465907604
"Telafar",2450,0.465907604
"Telafar",2451,0.465907604
"Telafar",2452,0.465907604
"Telafar",2453,0.465907604
"Telafar",2454,0.465907604
"Telafar",2455,0.465907604
"Telafar",2456,0.465907604
"Telafar",2457,0.465907604
"Telafar",2458,0.465907604
"Telafar",2459,0.465907604
"Telafar",2460,0.465907604
"Telafar",2461,0.465907604
"Telafar",2462,0.465907604
"Telafar",2463,0.465907604
"Telafar",2464,0.465907604
"Telafar",2465,0.465907604
"Telafar",2466,0.465907604
"Telafar",2467,0.465907604
"Telafar",2468,0.465907604
"Telafar",2469,0.465907604
"Telafar",2470,0.465907604
"Telafar",2471,0.465907604
"Telafar",2472,0.465907604
"Telafar",2473,0.465907604
"Telafar",2474,0.465907604
"Telafar",2475,0.465907604
"Telafar",2476,0.465907604
"Telafar",2477,0.465907604
"Telafar",2478,0.465907604
"Telafar",2479,0.465907604
"Telafar",2480,0.465907604
"Telafar",2481,0.465907604
"Telafar",2482,0.465907604
"Telafar",2483,0.931815207
"Telafar",2484,0.931815207
"Telafar",2485,0.931815207
"Telafar",2486,0.931815207
"Telafar",2487,0.931815207
"Telafar",2488,0.790472451
"Telafar",2489,0.790472451
"Telafar",2490,0.790472451
"Telafar",2491,0.790472451
"Telafar",2492,0.790472451
"Telafar",2493,0.790472451
"Telafar",2494,0.790472451
"Telafar",2495,0.790472451
"Tikrit",2293,2.056968492
"Tikrit",2294,2.056968492
"Tikrit",2295,2.056968492
"Tikrit",2296,2.056968492
"Tikrit",2297,10.28484246
"Tikrit",2298,10.28484246
"Tikrit",2299,10.28484246
"Tikrit",2300,10.28484246
"Tikrit",2301,6.170905475
"Tikrit",2302,6.170905475
"Tikrit",2303,6.170905475
"Tikrit",2304,6.170905475
"Tikrit",2305,6.170905475
"Tikrit",2306,6.170905475
"Tikrit",2307,6.170905475
"Tikrit",2308,6.170905475
"Tikrit",2309,6.170905475
"Tikrit",2310,6.170905475
"Tikrit",2311,6.170905475
"Tikrit",2312,6.170905475
"Tikrit",2313,6.170905475
"Tikrit",2314,6.170905475
"Tikrit",2315,6.170905475
"Tikrit",2316,6.170905475
"Tikrit",2317,6.170905475
"Tikrit",2318,6.170905475
"Tikrit",2319,6.170905475
"Tikrit",2320,6.170905475
"Tikrit",2321,6.170905475
"Tikrit",2322,6.170905475
"Tikrit",2323,6.170905475
"Tikrit",2324,6.170905475
"Tikrit",2325,6.170905475
"Tikrit",2326,6.170905475
"Tikrit",2327,6.170905475
"Tikrit",2328,6.170905475
"Tikrit",2329,6.170905475
"Tikrit",2330,6.170905475
"Tikrit",2331,6.170905475
"Tikrit",2332,6.170905475
"Tikrit",2333,6.170905475
"Tikrit",2334,6.170905475
"Tikrit",2335,6.170905475
"Tikrit",2336,6.170905475
"Tikrit",2337,6.170905475
"Tikrit",2338,6.170905475
"Tikrit",2339,6.170905475
"Tikrit",2340,5.672391232
"Tikrit",2341,5.672391232
"Tikrit",2342,5.672391232
"Tikrit",2343,5.672391232
"Tikrit",2344,5.672391232
"Tikrit",2345,7.56318831
"Tikrit",2346,7.56318831
"Tikrit",2347,7.56318831
"Tikrit",2348,7.56318831
"Tikrit",2349,1.890797077
"Tikrit",2350,1.890797077
"Tikrit",2351,1.890797077
"Tikrit",2352,1.890797077
"Tikrit",2353,1.890797077
"Tikrit",2354,1.890797077
"Tikrit",2355,1.890797077
"Tikrit",2356,1.890797077
"Tikrit",2357,1.890797077
"Tikrit",2358,1.890797077
"Tikrit",2359,1.890797077
"Tikrit",2360,1.890797077
"Tikrit",2361,1.890797077
"Tikrit",2362,1.890797077
"Tikrit",2363,1.890797077
"Tikrit",2364,1.890797077
"Tikrit",2365,1.890797077
"Tikrit",2366,1.890797077
"Tikrit",2367,1.890797077
"Tikrit",2368,1.890797077
"Tikrit",2369,1.890797077
"Tikrit",2370,1.890797077
"Tikrit",2371,1.890797077
"Tikrit",2372,1.890797077
"Tikrit",2373,1.890797077
"Tikrit",2374,1.890797077
"Tikrit",2375,1.890797077
"Tikrit",2376,1.890797077
"Tikrit",2377,1.890797077
"Tikrit",2378,1.890797077
"Tikrit",2379,4.100900946
"Tikrit",2380,4.100900946
"Tikrit",2381,4.100900946
"Tikrit",2382,4.100900946
"Tikrit",2383,4.100900946
"Tikrit",2384,1.890797077
"Tikrit",2385,1.890797077
"Tikrit",2386,1.890797077
"Tikrit",2387,1.890797077
"Tikrit",2388,2.197582034
"Tikrit",2389,2.197582034
"Tikrit",2390,2.197582034
"Tikrit",2391,2.197582034
"Tikrit",2392,2.115483713
"Tikrit",2393,2.115483713
"Tikrit",2394,2.115483713
"Tikrit",2395,2.115483713
"Tikrit",2396,2.115483713
"Tikrit",2397,2.115483713
"Tikrit",2398,2.115483713
"Tikrit",2399,2.115483713
"Tikrit",2400,2.115483713
"Tikrit",2401,2.115483713
"Tikrit",2402,2.115483713
"Tikrit",2403,2.115483713
"Tikrit",2404,2.115483713
"Tikrit",2405,2.115483713
"Tikrit",2406,2.115483713
"Tikrit",2407,2.115483713
"Tikrit",2408,2.115483713
"Tikrit",2409,2.115483713
"Tikrit",2410,2.115483713
"Tikrit",2411,2.115483713
"Tikrit",2412,2.115483713
"Tikrit",2413,2.115483713
"Tikrit",2414,2.115483713
"Tikrit",2415,2.115483713
"Tikrit",2416,2.115483713
"Tikrit",2417,2.115483713
"Tikrit",2418,2.115483713
"Tikrit",2419,2.115483713
"Tikrit",2420,2.115483713
"Tikrit",2421,2.115483713
"Tikrit",2422,2.115483713
"Tikrit",2423,2.115483713
"Tikrit",2424,2.115483713
"Tikrit",2425,2.115483713
"Tikrit",2426,2.115483713
"Tikrit",2427,2.115483713
"Tikrit",2428,2.115483713
"Tikrit",2429,2.115483713
"Tikrit",2430,2.115483713
"Tikrit",2431,2.115483713
"Tikrit",2432,2.115483713
"Tikrit",2433,2.115483713
"Tikrit",2434,2.115483713
"Tikrit",2435,2.115483713
"Tikrit",2436,2.115483713
"Tikrit",2437,2.115483713
"Tikrit",2438,2.115483713
"Tikrit",2439,2.115483713
"Tikrit",2440,2.115483713
"Tikrit",2441,2.115483713
"Tikrit",2442,2.115483713
"Tikrit",2443,2.115483713
"Tikrit",2444,2.039298621
"Tikrit",2445,2.039298621
"Tikrit",2446,2.039298621
"Tikrit",2447,2.039298621
"Tikrit",2448,2.039298621
"Tikrit",2449,2.039298621
"Tikrit",2450,2.039298621
"Tikrit",2451,2.039298621
"Tikrit",2452,2.039298621
"Tikrit",2453,2.039298621
"Tikrit",2454,2.039298621
"Tikrit",2455,2.039298621
"Tikrit",2456,2.039298621
"Tikrit",2457,2.039298621
"Tikrit",2458,2.039298621
"Tikrit",2459,2.039298621
"Tikrit",2460,2.039298621
"Tikrit",2461,2.039298621
"Tikrit",2462,2.039298621
"Tikrit",2463,2.039298621
"Tikrit",2464,2.039298621
"Tikrit",2465,2.039298621
"Tikrit",2466,2.039298621
"Tikrit",2467,2.039298621
"Tikrit",2468,2.039298621
"Tikrit",2469,2.039298621
"Tikrit",2470,2.039298621
"Tikrit",2471,2.039298621
"Tikrit",2472,2.039298621
"Tikrit",2473,2.039298621
"Tikrit",2474,2.039298621
"Tikrit",2475,2.039298621
"Tikrit",2476,2.039298621
"Tikrit",2477,2.039298621
"Tikrit",2478,2.039298621
"Tikrit",2479,2.039298621
"Tikrit",2480,2.039298621
"Tikrit",2481,2.039298621
"Tikrit",2482,2.039298621
"Tikrit",2483,2.039298621
"Tikrit",2484,2.039298621
"Tikrit",2485,2.039298621
"Tikrit",2486,2.039298621
"Tikrit",2487,2.039298621
"Tikrit",2488,2.039298621
"Tikrit",2489,2.039298621
"Tikrit",2490,2.039298621
"Tikrit",2491,2.039298621
"Tikrit",2492,2.039298621
"Tikrit",2493,2.039298621
"Tikrit",2494,2.039298621
"Tikrit",2495,2.039298621
"Tikrit",2496,1.968410102
"Tikrit",2497,1.968410102
"Tikrit",2498,1.968410102
"Tikrit",2499,1.968410102
"Tikrit",2500,1.968410102
"Tikrit",2501,5.927662331
"Tikrit",2502,5.927662331
"Tikrit",2503,5.927662331
"Tikrit",2504,5.927662331
"Tikrit",2505,5.927662331
"Tikrit",2506,5.927662331
"Tikrit",2507,5.927662331
"Tikrit",2508,5.927662331
"Tikrit",2509,5.927662331
"Tikrit",2510,5.927662331
"Tikrit",2511,5.927662331
"Tikrit",2512,5.927662331
"Tikrit",2513,5.927662331
"Tikrit",2514,5.927662331
"Tikrit",2515,5.927662331
"Tikrit",2516,5.927662331
"Tikrit",2517,5.927662331
"Tikrit",2518,5.927662331
"Tikrit",2519,5.927662331
"Tikrit",2520,5.927662331
"Tikrit",2521,5.927662331
"Tikrit",2522,1.968410102
"Tikrit",2523,1.968410102
"Tikrit",2524,1.968410102
"Tikrit",2525,1.968410102
"Tikrit",2526,1.968410102
"Tikrit",2527,1.968410102
"Tikrit",2528,1.968410102
"Tikrit",2529,1.968410102
"Tikrit",2530,1.968410102
"Tikrit",2531,1.968410102
"Tikrit",2532,1.968410102
"Tikrit",2533,1.968410102
"Tikrit",2534,1.968410102
"Tikrit",2535,1.968410102
"Tikrit",2536,1.968410102
"Tikrit",2537,1.968410102
"Tikrit",2538,1.968410102
"Tikrit",2539,1.968410102
"Tooz",2340,5.120162987
"Tooz",2341,5.120162987
"Tooz",2342,5.120162987
"Tooz",2343,5.120162987
"Tooz",2344,5.120162987
"Tooz",2345,5.120162987
"Tooz",2346,5.120162987
"Tooz",2347,5.120162987
"Tooz",2348,5.120162987
"Tooz",2349,5.120162987
"Tooz",2350,5.120162987
"Tooz",2351,5.120162987
"Tooz",2352,5.120162987
"Tooz",2353,5.120162987
"Tooz",2354,5.120162987
"Tooz",2355,5.120162987
"Tooz",2356,5.120162987
"Tooz",2357,5.120162987
"Tooz",2358,5.120162987
"Tooz",2359,5.120162987
"Tooz",2360,5.120162987
"Tooz",2361,5.120162987
"Tooz",2362,5.120162987
"Tooz",2363,5.120162987
"Tooz",2364,5.120162987
"Tooz",2365,5.120162987
"Tooz",2366,5.120162987
"Tooz",2367,5.120162987
"Tooz",2368,5.120162987
"Tooz",2369,5.120162987
"Tooz",2370,5.120162987
"Tooz",2371,5.120162987
"Tooz",2372,5.120162987
"Tooz",2373,5.120162987
"Tooz",2374,5.120162987
"Tooz",2375,5.120162987
"Tooz",2376,5.120162987
"Tooz",2377,5.120162987
"Tooz",2378,5.120162987
